customer_id,full_name,email,phone,region,state,segment,join_date,status,is_active,customer_age
CUST-0137,Ronald Spencer,,,Central,,,2025-03-19,Inactive,0,30.0
CUST-0629,Caroline Bailey,chanson@example.org,1809314181.0,West,TX,B2C,2020-08-13,Active,1,63.0
CUST-0185,Jonathan Young,,,Central,TX,B2C,2023-12-10,Active,1,34.0
CUST-0032,Jordan York,larsonemma@example.org,3489513433.0,South,CA,B2B,2021-10-01,Churned,0,
CUST-0678,Kurt Hancock,janet50@example.com,2422711332.0,South,NC,B2C,2025-07-24,Inactive,0,31.0
CUST-0937,Danielle Murphy,,,East,GA,,2023-08-16,Active,1,40.0
CUST-0290,Anthony Jones,,,East,,,2025-03-25,Inactive,0,29.0
CUST-0328,Krystal Barton,,,South,,,2021-11-03,Churned,0,
CUST-0492,Dennis Martin,adam72@example.org,6118005375.0,Central,WA,Guest,2024-01-21,Active,1,66.0
CUST-0395,Chad Moore,fconner@example.net,2085140369.0,West,WA,B2C,2023-04-10,Active,1,18.0
CUST-0667,John Martinez,mark68@example.org,7236687887.0,Central,NC,B2C,2025-02-03,Active,1,42.0
CUST-0546,Donna Stuart,bautistalori@example.net,9504793036.0,North,MA,B2C,2025-08-19,Active,1,29.0
CUST-0870,Jeffrey Green,rubiogeorge@example.net,8527403344.0,East,CA,B2C,2020-10-31,Inactive,0,46.0
CUST-0762,Leon Thompson,,,West,,,2021-08-23,Active,1,24.0
CUST-0257,Steven Griffin Jr.,,,North,TN,,2025-05-15,Active,1,36.0
CUST-0077,Madison Poole,,,South,,,2024-02-05,Churned,0,62.0
CUST-0774,Susan Cox,rodriguezmichael@example.net,1951376515.0,Central,TX,Guest,2020-11-16,Inactive,0,74.0
CUST-0851,Diana Pierce,stuarttodd@example.org,5973278195.0,South,FL,B2C,2022-08-10,Churned,0,62.0
CUST-0332,Shannon Bishop,imartin@example.org,6601367303.0,West,AZ,B2C,2025-05-30,Active,1,51.0
CUST-0630,James Todd,rodriguezbrian@example.net,1434016361.0,South,NC,B2C,2022-05-25,Active,1,20.0
CUST-0969,Jill Walker,changerin@example.net,6552597107.0,East,OH,B2B,2023-07-25,Churned,0,46.0
CUST-0812,John Reynolds,,,Central,,,2021-01-26,Churned,0,64.0
CUST-0378,Sarah Hawkins,codygarcia@example.org,1355699023.0,East,TN,B2C,2020-09-03,Churned,0,30.0
CUST-0723,Seth Smith,ureyes@example.net,8134732354.0,Central,IL,B2C,2022-08-23,Active,1,55.0
CUST-0623,Brittany Shaw,ericnunez@example.com,2688871898.0,North,CO,B2C,2023-02-16,Churned,0,59.0
CUST-0430,Courtney Franklin,jennifer46@example.com,2600780686.0,West,CO,B2C,2025-07-10,Inactive,0,36.0
CUST-0917,Carrie Villarreal,romanmatthew@example.org,9215149409.0,West,OH,B2C,2023-06-13,Churned,0,18.0
CUST-0087,Angel Brown,,,Central,TX,Guest,2024-12-14,Active,1,74.0
CUST-0319,Michael Flynn,,,North,,,2022-02-28,Churned,0,34.0
CUST-0591,Erin Bridges,,,East,,,2026-05-04,Active,1,36.0
CUST-0175,Melissa Myers,,,North,,,2023-01-18,Inactive,0,37.0
CUST-0209,Robert Arnold,jonesraymond@example.net,8571918261.0,Central,MI,B2B,2025-04-12,Inactive,0,19.0
CUST-0520,Adam Allen,katherinetaylor@example.org,8667850720.0,Central,TX,B2B,2023-10-14,Active,1,21.0
CUST-0971,Tanner Mann,adrianjoyce@example.net,9058162951.0,Central,GA,B2C,2020-09-21,Churned,0,57.0
CUST-0954,Charles Scott,moorestephanie@example.net,1234476504.0,North,PA,B2C,2025-01-07,Active,1,28.0
CUST-0114,Jennifer Miller,melissa86@example.com,8582029702.0,North,FL,B2C,2023-04-16,Active,1,24.0
CUST-0440,Cory Wilson,,,East,,,2021-01-06,Active,1,70.0
CUST-0555,Kelli Smith,,,South,FL,,2023-12-02,Active,1,48.0
CUST-0540,Matthew King,ncunningham@example.com,4386870079.0,East,WA,Guest,2021-04-26,Active,1,75.0
CUST-0060,John Schmidt,,,South,,,2024-04-17,Active,1,43.0
CUST-0549,Heather Foster,,,North,,,2022-10-04,Active,1,62.0
CUST-0695,Marc Kelley,vreyes@example.org,9660538444.0,East,MA,Guest,2025-06-07,Churned,0,47.0
CUST-0690,Anna Lang,tdavis@example.net,9910336829.0,West,FL,B2C,2024-05-15,Churned,0,45.0
CUST-0200,Jeremy Acosta,christina64@example.net,1618328569.0,East,AZ,B2C,2026-04-12,Churned,0,22.0
CUST-0779,James White,rodriguezjoshua@example.net,9229812099.0,East,WA,B2C,2024-04-21,Active,1,34.0
CUST-0735,Tasha Ortega,edward56@example.net,8128758575.0,West,GA,B2C,2025-12-18,Active,1,48.0
CUST-0443,Katherine Gallagher,andersonryan@example.com,3702814069.0,South,GA,B2C,2025-04-24,Active,1,35.0
CUST-0517,Bernard Smith,hessbeth@example.net,1307711991.0,North,NC,B2B,2025-09-27,Active,1,39.0
CUST-0948,James Weaver,,,South,,,2023-09-15,Active,1,19.0
CUST-0281,Sara Jones,,,North,,,2020-11-28,Active,1,72.0
CUST-0322,Leslie Powers,david41@example.org,9598762202.0,South,WA,B2C,2022-12-10,Inactive,0,57.0
CUST-0050,William Wilson,jonathanfletcher@example.org,9109477752.0,North,IL,Guest,2023-01-29,Active,1,71.0
CUST-0888,Brad Rivas,rgibson@example.net,3177687290.0,East,GA,B2C,2023-03-01,Churned,0,74.0
CUST-0110,Veronica Allen,xhall@example.com,9221704303.0,North,PA,Guest,2023-02-23,Active,1,57.0
CUST-0981,Cynthia Jones,oduran@example.com,8810390339.0,West,CA,B2C,2023-04-01,Active,1,74.0
CUST-0427,,kaitlyn14@example.org,9265273543.0,East,NY,B2B,2025-05-27,Active,1,62.0
CUST-0409,,christopher86@example.org,4692124471.0,West,TN,Guest,2021-05-23,Inactive,0,23.0
CUST-0962,David Frazier,megan39@example.net,7380442101.0,West,PA,Guest,2024-07-06,Active,1,31.0
CUST-0011,Jonathan Wilkerson,,,West,,,2023-02-01,Active,1,24.0
CUST-0502,Joe Rivera,jonesgregory@example.com,1451583776.0,East,MI,B2C,2026-03-31,Active,1,52.0
CUST-0524,Laura Bennett,pdiaz@example.org,1400894346.0,North,AZ,B2B,2022-08-26,Active,1,55.0
CUST-0662,Kevin Alvarez,mramos@example.net,1300184186.0,North,TN,B2B,2024-08-10,Active,1,25.0
CUST-0071,Marissa Webster,,,North,,,2020-12-29,Inactive,0,45.0
CUST-0061,,juliawells@example.com,4748467737.0,Central,NY,B2C,2024-09-14,Churned,0,31.0
CUST-0627,Nancy Sanchez,,,East,,,2025-03-08,Active,1,33.0
CUST-0262,Cameron Irwin,,,South,,,2024-12-24,Churned,0,75.0
CUST-0362,Carol Moore,shannonemily@example.org,1593305172.0,Central,GA,B2C,2024-08-29,Active,1,65.0
CUST-0399,Blake Reed,gary15@example.com,9519712847.0,Central,TX,B2C,2021-08-09,Active,1,23.0
CUST-0343,Mariah Williams,jessica36@example.net,8195761228.0,West,NC,B2C,2023-07-29,Active,1,72.0
CUST-0437,Carl Green,,,South,,,2022-11-28,Active,1,26.0
CUST-0531,Lawrence Ruiz,ajackson@example.net,1470185106.0,Central,IL,B2C,2021-02-20,Churned,0,69.0
CUST-0333,Laura Patel,mariopadilla@example.com,8452088147.0,East,FL,B2C,2022-03-03,Active,1,70.0
CUST-0140,Jason Wilson,,,East,,,2020-11-08,Inactive,0,64.0
CUST-0882,Brittany Farrell,jbrown@example.org,4898123179.0,East,AZ,Guest,2024-08-03,Active,1,55.0
CUST-0760,Stephanie Hall,nguyencorey@example.net,1584588105.0,Central,GA,B2C,2022-02-06,Active,1,34.0
CUST-0313,Brittany Cuevas,,,Central,,,2025-06-01,Active,1,40.0
CUST-0925,Jeffrey Hardin,,,East,,,2022-05-08,Active,1,39.0
CUST-0142,Mason Johnson,bboone@example.net,6549904530.0,North,GA,B2C,2024-11-05,Active,1,20.0
CUST-0300,,,,East,,,2021-11-07,Active,1,56.0
CUST-0777,,brownmichael@example.com,3206021288.0,West,TN,B2C,2023-05-30,Active,1,63.0
CUST-0718,Susan Stevenson,lwood@example.com,1928123567.0,Central,FL,B2C,2021-05-11,Active,1,48.0
CUST-0949,Laura Hogan,ann18@example.org,7977524418.0,South,TN,Guest,2021-10-26,Active,1,60.0
CUST-0089,Jennifer Jones,,,South,,,2021-05-19,Active,1,27.0
CUST-0843,Daniel Flynn,william46@example.net,2555572773.0,Central,AZ,B2B,2024-12-04,Active,1,33.0
CUST-0306,Krista Benton,nhahn@example.com,6902770384.0,South,CA,B2C,2021-12-10,Active,1,57.0
CUST-0102,Jennifer Robertson,,,West,,,2021-05-25,Inactive,0,20.0
CUST-0311,Lonnie Hart,vrasmussen@example.com,6341651827.0,East,PA,B2B,2023-06-06,Active,1,68.0
CUST-0860,Robert Martinez,,,Central,,,2026-05-15,Active,1,20.0
CUST-0452,Elizabeth Stanley,,,East,,,2026-03-30,Active,1,
CUST-0097,Kyle Preston,,,South,,,2024-08-11,Active,1,35.0
CUST-0815,Hannah Martin,williamjones@example.net,4781050922.0,South,TX,B2C,2022-10-08,Inactive,0,34.0
CUST-0793,Kayla Brown,raymond65@example.com,3558108358.0,South,NY,B2C,2023-02-11,Active,1,51.0
CUST-0031,Kimberly Adkins,,,Central,,,2020-11-27,Churned,0,60.0
CUST-0159,James Padilla,charles06@example.org,2100623120.0,South,NC,B2C,2024-01-27,Active,1,22.0
CUST-0689,Melissa Jensen,martin38@example.org,4550272751.0,West,IL,B2C,2025-10-06,Active,1,35.0
CUST-0055,Jeremy Lewis,,,Central,,,2023-02-25,Active,1,29.0
CUST-0024,Carlos Walls,,,East,,,2024-07-16,Inactive,0,63.0
CUST-0612,Jimmy Ortega,jacksonhenry@example.com,7668633414.0,North,TX,B2B,2025-04-25,Inactive,0,25.0
CUST-0740,Michael Mosley,tom73@example.org,9601467238.0,East,MA,B2C,2026-01-11,Active,1,32.0
CUST-0645,Cole Anderson,,,South,TX,,2022-09-27,Active,1,59.0
CUST-0634,Amy Pena,jonesdonna@example.net,1346511131.0,Central,CA,B2B,2026-05-03,Active,1,20.0
CUST-0602,Ronald Rocha,,,West,,,2024-05-24,Active,1,72.0
CUST-0179,Brittany White,jenniferwilliams@example.com,4825867362.0,South,WA,B2C,2021-07-11,Active,1,20.0
CUST-0004,Christopher Bernard,curtis61@example.com,1510341316.0,West,WA,B2C,2024-01-03,Active,1,20.0
CUST-0278,Juan Silva,,,West,,,2021-08-26,Churned,0,27.0
CUST-0594,Christine Price,sharon20@example.net,3674233629.0,South,IL,B2C,2024-11-04,Active,1,43.0
CUST-0293,Jeffrey Roberson,,,Central,,,2023-05-09,Inactive,0,46.0
CUST-0299,Jason Maxwell,ashleyjackson@example.com,8621038862.0,Central,TX,B2B,2023-09-08,Churned,0,67.0
CUST-0817,Tami York,,,South,GA,B2B,2021-04-01,Active,1,69.0
CUST-0874,Alyssa Cherry,christinesolomon@example.com,1602155732.0,West,FL,B2C,2023-11-20,Active,1,65.0
CUST-0232,Dana Armstrong,leescott@example.com,5741608989.0,Central,NY,B2B,2021-09-01,Inactive,0,33.0
CUST-0211,Joseph Anderson,,,East,,,2024-03-28,Active,1,73.0
CUST-0459,Steven Friedman,natalie15@example.com,2138759271.0,South,MA,B2C,2021-11-10,Active,1,38.0
CUST-0924,Mike Perry,edwardmolina@example.com,1472827090.0,North,CO,Guest,2021-02-18,Churned,0,74.0
CUST-0933,Ronnie Torres,hbenitez@example.net,6346066643.0,West,IL,B2C,2025-06-13,Active,1,18.0
CUST-0914,,laura29@example.org,8964546553.0,East,NC,B2C,2023-09-24,Churned,0,63.0
CUST-0406,Monica Baker,kenneth10@example.com,1858018569.0,East,IL,B2C,2025-02-14,Active,1,67.0
CUST-0064,Amy Russell,,,Central,,,2021-09-16,Inactive,0,38.0
CUST-0320,Brian Lambert,,,East,,,2023-03-08,Active,1,64.0
CUST-0469,Jonathan Stewart,bmcgee@example.org,7450090255.0,Central,CA,B2C,2024-03-22,Active,1,24.0
CUST-0441,Curtis Ortiz,tthomas@example.org,2552578284.0,North,TN,B2B,2021-09-10,Churned,0,42.0
CUST-0101,Robin Pierce,qmiller@example.com,7929622292.0,West,CA,B2C,2026-01-17,Inactive,0,44.0
CUST-0337,Paul Neal,shawn75@example.net,4855749821.0,Central,NY,B2C,2021-03-15,Inactive,0,48.0
CUST-0451,Jennifer James,thomas23@example.net,1245650448.0,Central,FL,B2C,2020-10-26,Active,1,49.0
CUST-0409,James Burns,christopher86@example.org,4692124471.0,West,TN,Guest,2021-05-23,Inactive,0,26.0
CUST-0108,Katie Hoover,,,West,,,2023-04-20,Active,1,39.0
CUST-0169,Rebecca Huang,,,West,NY,,2025-05-07,Active,1,38.0
CUST-0040,Donald Smith,,,South,,,2025-10-21,Active,1,59.0
CUST-0199,Brian Murphy,,,North,,,2025-01-18,Active,1,21.0
CUST-0238,Regina Roberts,,9850821486.0,South,CO,Guest,2023-05-07,Churned,0,52.0
CUST-0576,Mary Shepard,clarkrandy@example.org,3705802566.0,South,TX,B2B,2021-06-22,Active,1,67.0
CUST-0193,Harold Morgan,mariacohen@example.net,6361103712.0,Central,FL,B2C,2023-03-29,Active,1,70.0
CUST-0705,Karen Lopez,xbridges@example.com,8342346199.0,East,NY,B2C,2022-03-17,Churned,0,36.0
CUST-0724,Anne Schmidt,stephanie69@example.net,6325122572.0,North,WA,B2C,2026-03-21,Active,1,47.0
CUST-0067,Michael Yates,,,South,,,2020-08-28,Active,1,70.0
CUST-0068,James Elliott,,,West,,,2024-12-14,Active,1,38.0
CUST-0921,Shelby Bartlett,jessicaerickson@example.net,1464712463.0,East,WA,B2C,2021-10-30,Active,1,31.0
CUST-0498,Allison Black,willie87@example.com,1590892613.0,North,TN,B2C,2025-01-02,Active,1,53.0
CUST-0214,Caroline David,georgeweber@example.net,8519941013.0,West,CO,B2B,2021-03-16,Churned,0,67.0
CUST-0831,James Stevens,thompsondonna@example.com,7580996132.0,West,FL,B2B,2024-03-28,Active,1,48.0
CUST-0835,Hannah Harmon,hubbardcolleen@example.com,8120594389.0,West,OH,B2B,2021-07-02,Active,1,33.0
CUST-0650,Stacy Patterson,franklinmadison@example.net,5371189547.0,South,NC,B2C,2023-03-05,Active,1,62.0
CUST-0351,Chelsea Myers,bowerslaura@example.org,8227837693.0,Central,MI,Guest,2024-10-24,Active,1,67.0
CUST-0862,Pamela Sullivan,hillchristopher@example.com,1512840333.0,Central,GA,B2C,2023-02-09,Active,1,47.0
CUST-0603,Jordan Parsons,bgross@example.net,4522372817.0,Central,MA,B2B,2022-08-26,Active,1,74.0
CUST-0559,Katherine Smith,charlesnathan@example.com,5379337563.0,West,NY,B2C,2026-02-27,Active,1,26.0
CUST-0878,Megan Anderson,carpenterjorge@example.net,8940960035.0,West,NY,B2C,2022-12-25,Active,1,24.0
CUST-0788,Tanya Moore,,,West,,,2021-08-24,Active,1,69.0
CUST-0931,,abigailfernandez@example.org,7137399006.0,South,TN,B2C,2020-09-21,Churned,0,45.0
CUST-0746,Summer Hoover,bryantgeorge@example.net,4311775331.0,South,AZ,Guest,2021-11-16,Inactive,0,33.0
CUST-0309,Jonathon Knapp,ystephens@example.com,3845184894.0,West,OH,B2C,2025-05-12,Inactive,0,23.0
CUST-0707,Vanessa Taylor,dawnperry@example.com,4084964985.0,West,CA,B2B,2024-07-20,Inactive,0,
CUST-0405,Jessica Brown,jamie36@example.net,9674783667.0,East,NY,B2C,2021-10-24,Active,1,53.0
CUST-0003,Jennifer Cole,lisa02@example.net,1361559407.0,North,TN,B2C,2025-12-09,Active,1,27.0
CUST-0431,Daniel Turner,asilva@example.net,5180632543.0,North,CA,B2C,2023-05-18,Active,1,20.0
CUST-0545,Austin Walker,lynchjenny@example.com,9537030453.0,North,MA,B2C,2025-07-07,Active,1,28.0
CUST-0771,Nicole Johnson,iford@example.net,1690250429.0,North,MI,B2B,2024-04-25,Active,1,19.0
CUST-0345,Greg Martinez,ebenson@example.org,1976004908.0,East,CA,B2C,2020-06-27,Active,1,68.0
CUST-0980,Sara Wright,vallen@example.org,2033228556.0,West,CA,B2C,2025-09-26,Active,1,66.0
CUST-0987,Jordan Kelly,,,East,,,2025-04-14,Active,1,27.0
CUST-0785,William Franco,evanwilson@example.com,4854781506.0,North,TN,B2C,2024-12-18,Active,1,72.0
CUST-0484,Stephanie Ferguson,hstokes@example.org,1334327560.0,North,MA,B2C,2023-12-18,Active,1,23.0
CUST-0916,Katherine Young,kiddmichael@example.com,6907977961.0,South,CA,B2C,2023-12-13,Active,1,64.0
CUST-0358,Tim Wilson,parkerjudith@example.net,7543840460.0,Central,IL,B2B,2020-11-25,Active,1,58.0
CUST-0558,David Montgomery,kimberlywilson@example.org,7995946521.0,West,TN,B2C,2022-05-12,Active,1,
CUST-0586,James Baker,hgarrett@example.net,5131220681.0,East,PA,B2C,2025-11-27,Active,1,60.0
CUST-0722,John Alvarez,noahthornton@example.com,5131009431.0,Central,TX,B2C,2021-11-01,Churned,0,22.0
CUST-0965,Mrs. Julia Greene,sloandennis@example.org,9722660256.0,South,OH,B2C,2026-01-16,Active,1,36.0
CUST-0881,Tammy Black,ustafford@example.net,1471607360.0,West,OH,B2B,2025-08-16,Inactive,0,18.0
CUST-0219,Bianca Wood,,,East,,,2023-05-08,Inactive,0,56.0
CUST-0360,Cameron Norman,jessica10@example.com,4983248262.0,Central,TN,B2B,2022-08-13,Active,1,67.0
CUST-0754,Anita Serrano,,,North,,,2024-08-30,Churned,0,27.0
CUST-0548,Christopher Johnson,dianacantrell@example.org,1289487060.0,West,MA,Guest,2026-05-09,Active,1,54.0
CUST-0248,Rachel Bradley,gregorychase@example.com,3738168460.0,South,NY,Guest,2020-07-12,Active,1,48.0
CUST-0768,John Mack,simmonsphillip@example.net,1432290310.0,Central,MA,B2C,2020-10-14,Active,1,37.0
CUST-0903,Jared Sandoval,,,West,,,2024-06-20,Active,1,65.0
CUST-0307,Andrea Abbott,ichambers@example.net,4053021465.0,West,OH,B2C,2022-11-21,Active,1,35.0
CUST-0107,Juan Reyes,michellehill@example.com,3798089324.0,West,CA,B2C,2024-06-05,Active,1,63.0
CUST-0988,Andrew Anderson,ppalmer@example.com,9310720113.0,West,MA,Guest,2022-06-24,Inactive,0,62.0
CUST-0056,Diane Beck,clarence34@example.org,7940139904.0,Central,CA,B2C,2021-11-08,Active,1,70.0
CUST-0121,James Webb,patrickhoward@example.com,1638424981.0,South,MI,Guest,2022-12-24,Active,1,27.0
CUST-0801,Terry Newman,,8043878753.0,East,GA,B2C,2023-12-17,Active,1,53.0
CUST-0026,Maria Brown,lauren13@example.org,1542160733.0,East,IL,B2C,2026-02-20,Churned,0,45.0
CUST-0073,Tracey Higgins,tamirodriguez@example.org,8851604817.0,East,WA,B2C,2021-11-02,Active,1,38.0
CUST-0210,Patricia Morrow,,,South,,,2024-06-25,Active,1,50.0
CUST-0045,Tim Patton,vpham@example.org,1579965075.0,West,FL,B2C,2020-08-15,Active,1,30.0
CUST-0315,Jeffrey Horton,carlos01@example.org,9500369155.0,Central,MA,B2C,2023-05-17,Active,1,42.0
CUST-0867,Nicholas Green,,,East,,,2024-04-01,Active,1,24.0
CUST-0654,Stephanie Ford,gdavis@example.org,6434481230.0,Central,FL,B2C,2020-11-15,Active,1,39.0
CUST-0329,Joshua Ritter,,,West,,,2021-05-19,Active,1,27.0
CUST-0926,Jessica Carrillo,millerleroy@example.org,3815352373.0,West,CA,B2C,2023-06-27,Churned,0,24.0
CUST-0352,David Little,,,South,PA,,2024-08-14,Inactive,0,69.0
CUST-0957,Jordan Gordon,adamslucas@example.net,1302131251.0,Central,CO,B2B,2025-05-24,Active,1,20.0
CUST-0636,Kari Harper,,,South,TX,,2021-04-04,Active,1,22.0
CUST-0715,Linda Torres,,,West,,,2020-09-16,Active,1,45.0
CUST-0371,David Bruce,,,South,,,2021-03-15,Active,1,53.0
CUST-0686,Christine Bell,joseph49@example.org,8056730306.0,East,IL,B2C,2025-03-03,Active,1,33.0
CUST-0811,Calvin Anderson,colemankathryn@example.org,1781932426.0,West,GA,B2C,2026-04-06,Active,1,37.0
CUST-0539,Kelly Brooks,gwendolynstewart@example.com,6891382496.0,West,TX,B2C,2025-04-29,Active,1,53.0
CUST-0615,Tammy King,zwest@example.org,9294209548.0,North,IL,Guest,2023-08-08,Inactive,0,30.0
CUST-0465,Mercedes Davis,timothyalvarado@example.net,3017026952.0,East,MI,B2C,2024-10-28,Inactive,0,51.0
CUST-0999,Elizabeth Allen,,,East,,,2023-04-16,Inactive,0,52.0
CUST-0363,April Trevino,sanchezthomas@example.com,9223306046.0,South,AZ,B2C,2022-05-09,Active,1,62.0
CUST-0544,Michelle Martin,,,West,,,2025-08-19,Inactive,0,39.0
CUST-0618,Steve Wright,,,West,,,2021-08-03,Active,1,62.0
CUST-0061,Terry Griffin,juliawells@example.com,4748467737.0,Central,NY,B2C,2024-09-14,Churned,0,68.0
CUST-0842,Lori Rubio,vargasjoshua@example.net,5053194979.0,West,WA,B2C,2023-10-31,Active,1,66.0
CUST-0025,,uowens@example.org,5315869232.0,South,TN,B2C,2022-01-11,Active,1,27.0
CUST-0093,Julie Johnson,jasmine71@example.net,5552312432.0,Central,NY,B2C,2024-03-29,Inactive,0,33.0
CUST-0635,Brian Carter,yhall@example.net,8827788160.0,Central,FL,Guest,2026-01-09,Inactive,0,64.0
CUST-0382,Nathaniel Crawford,lvega@example.com,3780782357.0,Central,IL,B2C,2025-04-16,Active,1,46.0
CUST-0507,Sarah Phillips,kennetheaton@example.net,4194168006.0,North,CA,B2B,2023-09-26,Active,1,24.0
CUST-0694,Rebecca Nguyen,sparksamanda@example.com,9890463378.0,West,TX,B2B,2023-11-11,Active,1,45.0
CUST-0875,Judith Smith,monicamccann@example.com,1221666708.0,Central,PA,B2B,2025-05-15,Active,1,31.0
CUST-0854,Sandra Herring,tyler13@example.net,4565237341.0,East,WA,B2C,2021-06-08,Active,1,54.0
CUST-0973,Krystal Jones,julieanderson@example.net,7759833991.0,East,AZ,B2B,2026-02-16,Churned,0,20.0
CUST-0632,Christy Payne,ana92@example.net,4408222694.0,North,TN,B2C,2022-03-10,Churned,0,33.0
CUST-0245,Tonya Howe,smithashley@example.org,9446660993.0,East,AZ,B2C,2021-12-29,Inactive,0,39.0
CUST-0347,Megan Jones,,,South,,,2021-07-17,Inactive,0,45.0
CUST-0353,Scott Carroll,amy27@example.org,1797927033.0,South,CO,B2C,2023-02-07,Active,1,43.0
CUST-0276,Dennis Hunt,,,South,,,2025-12-05,Active,1,22.0
CUST-0266,Nicole Parsons,williamroberts@example.net,1575899757.0,North,CO,B2C,2022-05-28,Active,1,28.0
CUST-0308,Matthew Espinoza,,,West,,,2022-12-26,Active,1,68.0
CUST-0919,Shelly Munoz,mccarthysara@example.com,7911918623.0,South,MI,B2C,2021-09-11,Churned,0,
CUST-0529,Brandy Hunt,,,North,TX,B2C,2025-04-15,Active,1,20.0
CUST-0515,Sherry Ford,kim78@example.org,8743380054.0,East,WA,B2B,2026-03-11,Inactive,0,23.0
CUST-0111,John Mcintyre,qhughes@example.net,2345054156.0,West,AZ,B2C,2020-10-12,Churned,0,41.0
CUST-0737,James Norris,imartinez@example.com,1826078701.0,East,MA,Guest,2025-01-02,Active,1,35.0
CUST-0579,Cameron Rose,,,West,,,2022-10-29,Inactive,0,49.0
CUST-0535,Autumn Olson,,,North,MA,B2C,2024-12-06,Active,1,24.0
CUST-0696,Rachel Graham,amy32@example.net,8000258955.0,South,MI,Guest,2026-04-25,Active,1,28.0
CUST-0534,Chase Davis,mvalenzuela@example.org,5780182043.0,South,MA,B2C,2026-03-26,Churned,0,52.0
CUST-0449,Leah Jackson,jennifer06@example.net,6627301471.0,Central,AZ,B2C,2022-03-17,Active,1,41.0
CUST-0295,Kevin James,,,Central,AZ,B2C,2024-01-31,Inactive,0,25.0
CUST-0300,Eric Snyder,,,East,,,2021-11-07,Active,1,52.0
CUST-0825,Micheal Perkins,katelyn65@example.com,4079799667.0,South,IL,B2C,2024-08-27,Active,1,56.0
CUST-0759,Andrea Young,uwatkins@example.com,1871114837.0,South,GA,B2C,2024-07-15,Churned,0,51.0
CUST-0996,Jeremiah Welch,bradley03@example.org,8395613723.0,North,TN,B2C,2021-05-22,Active,1,28.0
CUST-0750,David Perkins,craigboone@example.net,5978559821.0,West,OH,B2C,2025-02-12,Churned,0,32.0
CUST-0665,Candace Mitchell Dds,tammycurry@example.com,1347541022.0,South,OH,B2C,2023-12-16,Inactive,0,38.0
CUST-0571,Christina Johnston,,,East,,,2026-03-11,Inactive,0,74.0
CUST-0291,Daniel Thomas,thickman@example.org,1988165803.0,South,CO,B2C,2023-02-01,Active,1,25.0
CUST-0775,Christopher Hansen,castrokim@example.org,8392836929.0,East,CO,B2C,2020-10-03,Active,1,24.0
CUST-0138,Scott Thomas,amberlindsey@example.org,5454019380.0,South,OH,Guest,2025-06-24,Active,1,45.0
CUST-0410,Jaclyn Griffin,scott43@example.com,1414066504.0,South,GA,B2B,2023-07-26,Churned,0,48.0
CUST-0421,Melinda Compton,dennismccann@example.com,2021946723.0,South,WA,B2C,2024-08-04,Active,1,68.0
CUST-0742,Joseph Flowers,,,West,,,2025-11-18,Active,1,75.0
CUST-0797,Tyler Avila,smithdanielle@example.com,1244731497.0,East,OH,B2B,2023-04-07,Churned,0,38.0
CUST-0287,Sarah Valdez,davisnicholas@example.net,6913577594.0,Central,NY,B2C,2022-12-17,Active,1,68.0
CUST-0592,Corey Skinner,hclayton@example.net,8403553380.0,South,CO,B2C,2025-01-11,Inactive,0,40.0
CUST-0848,Ronald Brown,meghanadams@example.com,6085721696.0,West,OH,B2B,2023-11-25,Active,1,45.0
CUST-0030,Rachel Mitchell,smoore@example.org,1665648236.0,South,MI,B2C,2022-08-31,Active,1,60.0
CUST-0261,Michael Stanley,,2277167014.0,East,CA,B2C,2023-08-15,Inactive,0,28.0
CUST-0079,David Michael,nicole37@example.net,4284210205.0,South,MI,B2C,2022-09-10,Active,1,18.0
CUST-0216,Pamela Butler,jimenezcourtney@example.com,1920999347.0,Central,GA,B2B,2022-08-30,Active,1,68.0
CUST-0789,Rebecca Chandler,hmorgan@example.net,1941314675.0,West,TX,B2B,2025-04-16,Churned,0,51.0
CUST-0166,Sonia Day,michelle52@example.com,2477358662.0,Central,WA,B2C,2024-03-24,Inactive,0,56.0
CUST-0249,Angie Caldwell,tinawoods@example.org,7217525007.0,East,FL,B2C,2024-01-18,Active,1,19.0
CUST-0786,David Lopez,wadetiffany@example.org,2032963347.0,South,GA,B2C,2025-04-18,Inactive,0,57.0
CUST-0779,,rodriguezjoshua@example.net,9229812099.0,East,WA,B2C,2024-04-21,Active,1,61.0
CUST-0963,,christopher12@example.net,9015959194.0,East,GA,B2C,2022-10-21,Inactive,0,60.0
CUST-0335,Sharon Martinez Dvm,dustinmorris@example.org,3327195005.0,South,AZ,B2C,2020-11-30,Active,1,52.0
CUST-0598,Jonathan Parks,sarah00@example.com,1949160169.0,South,CO,B2C,2021-03-04,Active,1,36.0
CUST-0927,Peter Keller,rachelbrown@example.net,3815899886.0,Central,WA,B2B,2024-02-07,Active,1,23.0
CUST-0066,Tiffany Barnes,tracynelson@example.com,2913431611.0,West,NY,B2C,2023-09-23,Churned,0,26.0
CUST-0366,John Campbell,mark87@example.org,6764472649.0,North,AZ,B2C,2023-10-27,Active,1,32.0
CUST-0978,Wanda Perez,prosario@example.org,4315551651.0,West,OH,B2C,2025-04-10,Active,1,41.0
CUST-0255,Kelsey Cox,brownamy@example.net,8184992618.0,Central,TX,B2C,2021-02-08,Inactive,0,28.0
CUST-0709,Jeff Smith,pbradford@example.net,7381649383.0,North,NC,B2C,2023-06-07,Active,1,74.0
CUST-0820,Nathan Miller,swilson@example.com,4406424295.0,West,FL,B2C,2026-05-28,Active,1,30.0
CUST-0222,Mr. Alexander Landry Md,,,West,,,2024-05-19,Inactive,0,49.0
CUST-0236,Todd Hendrix,,,East,,,2025-02-26,Active,1,39.0
CUST-0495,Jennifer Bailey,elizabethrivera@example.com,1649485625.0,South,NC,Guest,2023-12-13,Inactive,0,23.0
CUST-0523,Jesse Williams,,,South,,,2023-09-17,Active,1,24.0
CUST-0297,Jill Juarez,,,East,,,2020-06-15,Active,1,67.0
CUST-0581,Joyce Curry,omills@example.net,7672438070.0,North,WA,B2C,2021-12-01,Inactive,0,33.0
CUST-0959,Justin Glover,ashley71@example.net,3106330165.0,Central,FL,B2C,2021-04-10,Active,1,29.0
CUST-0250,David Molina,kevin90@example.com,3296666760.0,North,NC,B2B,2020-06-20,Active,1,24.0
CUST-0600,Jessica Lee,ihoward@example.com,4439920116.0,West,AZ,B2C,2023-05-14,Churned,0,33.0
CUST-0448,Terry Burnett,perezjessica@example.org,6947873002.0,East,IL,Guest,2022-01-05,Inactive,0,51.0
CUST-0072,Michael Elliott,stevenscott@example.com,4858842474.0,East,CO,B2B,2022-06-10,Churned,0,60.0
CUST-0095,Samantha Jones,lauralarson@example.net,1258147700.0,East,TX,B2C,2021-09-04,Churned,0,
CUST-0034,Taylor Harris,john62@example.net,5172788957.0,Central,MA,B2C,2025-03-21,Active,1,55.0
CUST-0260,Jason Mack,ybrooks@example.com,9621202169.0,West,CO,B2C,2024-06-04,Active,1,44.0
CUST-0205,David Griffin,heather73@example.org,7365419518.0,North,NY,B2B,2021-05-30,Active,1,70.0
CUST-0814,Christine Santana,ellenjohnson@example.org,6047604409.0,North,MA,B2C,2021-06-18,Active,1,45.0
CUST-0799,Rodney Turner Md,dhansen@example.org,9579145211.0,Central,NY,B2B,2025-02-13,Churned,0,62.0
CUST-0356,Bradley Miller,terrimoore@example.com,1901645104.0,South,OH,B2C,2025-08-25,Inactive,0,30.0
CUST-0078,Tamara Hampton,ugraham@example.net,5293183933.0,East,CO,B2B,2022-09-16,Churned,0,29.0
CUST-0085,Melissa Lee,lhill@example.net,9315851493.0,West,MA,B2C,2024-12-19,Inactive,0,23.0
CUST-0334,Scott Duke,taylorkaren@example.com,5650249163.0,North,CA,B2C,2025-04-13,Inactive,0,62.0
CUST-0083,Michael Torres,thomas85@example.com,8156545271.0,North,MA,B2B,2022-11-30,Active,1,34.0
CUST-0434,Francisco Taylor,rioswhitney@example.com,2552818325.0,South,NC,B2B,2025-07-07,Active,1,21.0
CUST-0658,Michael Acosta,nicholasjames@example.org,5652717272.0,South,FL,B2C,2023-07-01,Churned,0,27.0
CUST-0458,Brian York,smithdevon@example.net,1489389119.0,Central,FL,B2C,2023-01-26,Churned,0,36.0
CUST-0095,,lauralarson@example.net,1258147700.0,East,TX,B2C,2021-09-04,Churned,0,28.0
CUST-0614,Jennifer Schultz,charlene98@example.org,7289931608.0,West,PA,B2B,2023-03-04,Churned,0,55.0
CUST-0479,Sonya Gordon,mbarnes@example.net,1407001594.0,West,TN,B2C,2026-01-01,Inactive,0,29.0
CUST-0324,Tamara Arias,angelaburns@example.org,8433472282.0,North,CA,B2C,2025-10-25,Churned,0,68.0
CUST-0006,Lisa Hensley,janetwilliams@example.org,2564139537.0,West,TN,Guest,2022-11-26,Active,1,21.0
CUST-0463,Michael Roberson,timothyfreeman@example.com,4153539613.0,West,AZ,B2C,2025-08-11,Inactive,0,73.0
CUST-0105,Emily Smith,hdavis@example.com,1251522047.0,West,GA,B2C,2022-06-12,Churned,0,58.0
CUST-0098,Laura Sampson,barbara27@example.net,2515186449.0,South,PA,B2B,2026-02-22,Inactive,0,30.0
CUST-0310,Kimberly Little,rodriguezjohn@example.net,1990714163.0,East,OH,Guest,2026-05-18,Active,1,40.0
CUST-0425,Anthony Ward,joshuacolon@example.net,2781137995.0,West,FL,B2C,2022-07-14,Churned,0,33.0
CUST-0412,Antonio Hughes,,,East,,,2025-06-05,Active,1,53.0
CUST-0940,Jeremiah Galvan,adennis@example.org,1221306090.0,Central,TX,Guest,2025-10-28,Inactive,0,53.0
CUST-0282,Chris Robinson,nbrooks@example.net,1393466766.0,North,OH,B2C,2022-05-19,Active,1,18.0
CUST-0267,Kyle Chambers,joel28@example.org,1688510272.0,North,IL,B2C,2025-04-23,Active,1,41.0
CUST-0482,Donna Reed,tinasantos@example.org,1358673425.0,East,MA,B2C,2022-03-12,Active,1,55.0
CUST-0680,Paula Gentry,,,East,,,2023-08-05,Active,1,40.0
CUST-0596,Cynthia Hamilton,jacksonjoshua@example.org,8614982824.0,West,GA,B2C,2022-04-06,Active,1,44.0
CUST-0990,Kelly Sandoval,brianhunter@example.net,2144734043.0,South,AZ,B2C,2023-07-19,Active,1,71.0
CUST-0930,Marissa Terry,trowe@example.org,1558068828.0,North,TN,B2B,2025-09-20,Active,1,32.0
CUST-0849,Michael Young,daniellee@example.org,3996059329.0,West,WA,B2B,2025-11-27,Active,1,53.0
CUST-0119,Joel King,elizabeth74@example.net,3146786691.0,South,PA,B2C,2025-05-15,Active,1,30.0
CUST-0713,Kimberly Riley,bergeramanda@example.org,6771591030.0,North,NY,B2B,2021-01-27,Active,1,35.0
CUST-0251,David Contreras,zparker@example.net,5003354216.0,Central,MI,B2C,2025-12-20,Active,1,26.0
CUST-0669,Ryan Green,sara99@example.com,1672863330.0,North,AZ,B2C,2022-11-08,Active,1,51.0
CUST-0553,Kristine Carrillo,susan77@example.net,2804661963.0,Central,CO,B2C,2024-03-05,Active,1,69.0
CUST-0381,Anna Boone,david70@example.org,1704617357.0,South,NC,B2C,2024-03-07,Active,1,20.0
CUST-0010,Renee Morales,clarksherri@example.net,1525288095.0,North,TX,Guest,2022-05-11,Churned,0,27.0
CUST-0372,Kathy Walsh,,,East,,,2021-02-17,Active,1,67.0
CUST-0197,James Gonzales,lmorgan@example.com,1243898364.0,South,GA,B2C,2023-07-17,Active,1,18.0
CUST-0644,Sheryl Gutierrez,vturner@example.net,6471639282.0,South,IL,B2C,2020-08-29,Churned,0,18.0
CUST-0082,Peter Vaughn Dds,bwest@example.org,1678961183.0,West,TN,B2B,2023-11-13,Active,1,28.0
CUST-0433,Margaret Hensley Md,,,East,TN,B2B,2023-04-09,Active,1,24.0
CUST-0528,Mr. Daniel Martin,,,West,,,2021-05-17,Active,1,48.0
CUST-0757,Michael Williams,justin64@example.com,1556033190.0,West,AZ,B2C,2024-08-22,Inactive,0,64.0
CUST-0240,Cynthia Williams,danawilliams@example.com,2357972798.0,East,PA,B2B,2025-08-24,Churned,0,30.0
CUST-0704,Jennifer Flores,bsullivan@example.net,4312447315.0,Central,WA,B2C,2024-01-31,Inactive,0,51.0
CUST-0212,Kelly Torres,marcusfletcher@example.com,6903521356.0,Central,CA,B2C,2020-11-18,Active,1,64.0
CUST-0763,Andrew Carroll,derek77@example.com,8804085095.0,East,CO,B2C,2022-02-17,Active,1,35.0
CUST-0414,Mrs. Tiffany Cole,teresastokes@example.org,1215851743.0,Central,CA,Guest,2026-03-05,Inactive,0,64.0
CUST-0514,Erik Floyd,,,West,,,2024-01-20,Active,1,44.0
CUST-0228,James Jensen,brittney88@example.net,6443106987.0,South,CA,B2C,2025-08-16,Active,1,36.0
CUST-0910,Mrs. Jennifer Palmer Dds,dhall@example.net,7013948848.0,Central,NY,B2C,2025-02-15,Inactive,0,35.0
CUST-0426,Becky Johnson,,7313636317.0,Central,GA,B2B,2023-10-15,Active,1,37.0
CUST-0845,Kelli Lopez,vlewis@example.com,7966048736.0,Central,NY,B2C,2020-07-26,Churned,0,
CUST-0178,Richard Romero,stanleynancy@example.net,1377514010.0,North,WA,B2C,2021-01-24,Churned,0,72.0
CUST-0993,Christopher Gibson,crawfordsamantha@example.net,8561942557.0,West,CO,B2C,2022-12-16,Inactive,0,48.0
CUST-0450,Lisa Wheeler,stanleydesiree@example.org,9158904290.0,South,PA,B2C,2022-08-02,Inactive,0,22.0
CUST-0526,Adriana Macias,emartin@example.net,6492683158.0,Central,FL,B2C,2024-07-05,Active,1,24.0
CUST-0527,Chris Moore,guerrerorobert@example.com,8611062737.0,North,PA,B2C,2025-11-19,Active,1,75.0
CUST-0537,Robert Velez,colemanjonathan@example.org,1204615265.0,West,MA,Guest,2023-08-27,Active,1,28.0
CUST-0424,Kelly Carroll,jameswhitaker@example.org,4005436459.0,West,CA,B2B,2021-07-25,Active,1,38.0
CUST-0008,Michael Miles,lynchgeorge@example.net,4691669784.0,Central,MA,Guest,2023-07-24,Inactive,0,74.0
CUST-0156,Donald Fischer,reeddaniel@example.net,1985445877.0,West,CO,B2C,2025-07-29,Churned,0,55.0
CUST-0577,Kara Brown,fwarren@example.org,5234672994.0,Central,FL,B2C,2020-12-14,Inactive,0,71.0
CUST-0885,Dalton Mitchell,karencarson@example.net,4270093459.0,West,MA,B2B,2021-06-18,Active,1,35.0
CUST-0330,Ronald Potter,nancy07@example.com,1408021442.0,North,FL,B2B,2024-01-10,Active,1,39.0
CUST-0532,Samantha White,gary57@example.net,4287772519.0,Central,OH,B2C,2021-08-16,Churned,0,41.0
CUST-0823,Megan Wilson,lmorales@example.org,5437401827.0,South,GA,B2C,2024-02-19,Active,1,
CUST-0826,Jennifer Washington,dylan71@example.org,8403816649.0,West,MI,B2B,2026-01-30,Active,1,54.0
CUST-0604,Cynthia Le,rlee@example.com,6679121416.0,North,IL,B2B,2023-07-05,Active,1,25.0
CUST-0829,Christina Bates,iwagner@example.com,4517863767.0,South,CO,Guest,2024-08-06,Active,1,24.0
CUST-0616,Ms. Kelly Holder,adam33@example.com,5746052330.0,South,MA,B2C,2020-09-14,Active,1,65.0
CUST-0992,Vicki Greene,melissa95@example.net,1455629657.0,East,NY,B2C,2024-06-16,Inactive,0,28.0
CUST-0605,Douglas Ortiz,,,Central,,,2025-02-06,Active,1,63.0
CUST-0478,Priscilla Kent,jessicaanderson@example.com,5034778660.0,South,NY,B2C,2024-07-08,Active,1,25.0
CUST-0809,Karen Collins,don79@example.net,4033192227.0,North,PA,B2B,2021-07-11,Churned,0,24.0
CUST-0621,Felicia Hobbs,hbutler@example.org,8475011117.0,Central,FL,B2B,2020-11-19,Active,1,29.0
CUST-0753,Jerry Allen,cheryljohnson@example.org,9400564350.0,South,FL,B2C,2025-11-07,Inactive,0,59.0
CUST-0905,Melissa Lopez,clarkdeborah@example.net,3135996605.0,West,MA,B2C,2021-05-12,Churned,0,66.0
CUST-0164,Sabrina Briggs,curtisscott@example.org,1225039261.0,South,MI,B2B,2023-05-25,Inactive,0,
CUST-0229,Elizabeth Cabrera,mark16@example.net,1931032417.0,East,CO,B2C,2024-07-29,Active,1,67.0
CUST-0865,Jeremy Davidson,moralescourtney@example.com,6448354884.0,West,TX,Guest,2025-11-13,Churned,0,65.0
CUST-0979,Arthur Garrett,,,North,WA,B2C,2021-10-23,Active,1,58.0
CUST-0213,Sarah King,david49@example.net,8788317121.0,North,CA,B2C,2024-10-28,Churned,0,68.0
CUST-0080,Gabrielle Snyder,hunter35@example.com,8811775891.0,West,NC,B2B,2025-08-08,Active,1,73.0
CUST-0149,Michelle Schmitt,michael98@example.org,5752431069.0,North,FL,B2B,2024-01-04,Active,1,66.0
CUST-0303,Rodney Curtis,kevinmorrison@example.net,1895946368.0,West,NY,B2C,2023-04-04,Active,1,25.0
CUST-0389,Ryan Bruce,joelstewart@example.net,1455770171.0,West,GA,B2C,2023-09-18,Active,1,41.0
CUST-0519,Raymond Quinn,dennis88@example.org,9548214565.0,South,NY,B2C,2023-10-01,Active,1,65.0
CUST-0542,Eric Cooper,qfitzgerald@example.org,6639855474.0,South,WA,Guest,2024-07-10,Active,1,33.0
CUST-0890,Scott Solis,marcus01@example.net,3649133424.0,East,AZ,Guest,2025-04-02,Inactive,0,75.0
CUST-0044,Tammy Young,theresacochran@example.com,4849877694.0,East,MA,B2B,2025-09-09,Churned,0,43.0
CUST-0391,Rita Waller,gregory01@example.org,4761539669.0,East,NC,B2C,2022-01-04,Active,1,39.0
CUST-0134,Diana Vaughn,scottsampson@example.com,1697334843.0,East,AZ,B2B,2023-11-18,Inactive,0,55.0
CUST-0716,William Lamb,mitchellchristopher@example.net,9457314415.0,Central,MA,Guest,2025-04-13,Inactive,0,67.0
CUST-0312,David Dixon,seanmyers@example.net,5733343333.0,Central,PA,B2B,2021-04-24,Active,1,23.0
CUST-0491,Michael Lopez,jillwilson@example.org,1935971072.0,West,WA,B2B,2024-03-24,Active,1,53.0
CUST-1000,Stephen Anderson,jamesgray@example.com,7706071748.0,North,TX,B2B,2020-12-19,Inactive,0,29.0
CUST-0697,Timothy Andrews,mwilson@example.com,8096262658.0,South,OH,B2B,2026-02-08,Inactive,0,21.0
CUST-0837,Susan Jones,danny20@example.net,7409150863.0,South,TX,B2C,2023-01-24,Active,1,20.0
CUST-0001,Patrick Sanchez,jillrhodes@example.net,6332181960.0,North,TX,B2B,2025-11-06,Active,1,27.0
CUST-0494,Emily Robinson,,,South,,,2021-01-11,Inactive,0,72.0
CUST-0383,Denise Griffin,,,Central,,,2022-03-28,Active,1,30.0
CUST-0317,Joel Salinas,jacobsandoval@example.com,5143866322.0,West,CO,B2B,2025-03-04,Active,1,30.0
CUST-0766,Joel Smith,pfitzgerald@example.org,1690149542.0,West,CA,B2C,2025-06-10,Active,1,51.0
CUST-0584,Theresa Woods,,2427523083.0,West,AZ,B2B,2026-04-05,Active,1,31.0
CUST-0866,Christopher Black,melaniejennings@example.com,7877221641.0,West,PA,B2C,2025-04-22,Active,1,22.0
CUST-0568,Emily Tucker,anna90@example.com,9546027341.0,East,TN,B2B,2024-10-22,Inactive,0,18.0
CUST-0991,Craig Gonzalez,kristenpeterson@example.net,8873045195.0,West,MA,B2C,2020-11-15,Active,1,75.0
CUST-0429,Jason Smith,wellsdavid@example.org,8873977406.0,South,FL,B2C,2022-03-03,Active,1,45.0
CUST-0173,Maria Jones,grantpaul@example.com,3939828073.0,West,CO,B2C,2020-11-08,Inactive,0,46.0
CUST-0126,Carlos Ryan,alyssa42@example.com,3687339500.0,East,GA,B2C,2023-12-11,Inactive,0,65.0
CUST-0454,Heather Ortiz,benjamincrawford@example.org,9112075452.0,West,TN,Guest,2024-11-10,Active,1,37.0
CUST-0483,Mallory Page,anna99@example.net,2348645183.0,West,OH,B2B,2024-09-11,Churned,0,69.0
CUST-0589,Alison Compton,joseph70@example.org,3956252571.0,East,CA,B2C,2020-10-31,Active,1,70.0
CUST-0171,,hritter@example.net,3240659657.0,East,OH,B2C,2021-02-16,Churned,0,22.0
CUST-0091,Wanda Torres,lynchjody@example.org,7969664160.0,East,NY,B2C,2022-12-09,Active,1,74.0
CUST-0997,Stephen Higgins,melanie32@example.org,4143643813.0,North,CA,B2B,2022-10-29,Active,1,41.0
CUST-0182,Tracy Montoya,moniquewilliams@example.com,1325134125.0,Central,OH,B2C,2024-09-08,Active,1,60.0
CUST-0364,Tyler Johnson,pwalker@example.com,4797573660.0,Central,AZ,B2C,2021-09-08,Inactive,0,22.0
CUST-0275,Christine Herman,kimberly67@example.net,7989334721.0,South,NY,B2C,2026-04-30,Active,1,58.0
CUST-0950,Kimberly Todd,karenshaw@example.org,8288743127.0,North,CO,B2B,2022-01-17,Churned,0,35.0
CUST-0070,Julie Curry,cookemichael@example.net,1606409097.0,South,MI,B2C,2022-07-22,Active,1,63.0
CUST-0292,Ruben Price,patrick21@example.net,4750373145.0,South,CA,B2C,2025-03-17,Active,1,66.0
CUST-0132,Stephen Taylor,vwatson@example.net,8230913075.0,West,NY,B2C,2021-05-25,Active,1,74.0
CUST-0301,Heather Raymond,mwheeler@example.com,8599162473.0,North,IL,B2C,2024-07-12,Active,1,47.0
CUST-0508,Travis Spencer,davidsmith@example.net,9499564122.0,North,FL,B2B,2025-12-03,Active,1,75.0
CUST-0327,Andre Juarez,antonio38@example.com,6780774064.0,Central,FL,B2C,2021-10-31,Active,1,22.0
CUST-0145,Matthew Rich,russellbeasley@example.com,4258713971.0,Central,GA,B2C,2026-05-19,Active,1,55.0
CUST-0486,Antonio Mueller,karenjohnson@example.com,9206345911.0,South,FL,B2C,2022-07-17,Churned,0,21.0
CUST-0844,Jason King,jpowers@example.org,3785138544.0,East,GA,B2C,2025-01-01,Active,1,52.0
CUST-0850,Justin Graham,harrisjoseph@example.org,5275327352.0,East,TX,Guest,2023-01-19,Active,1,19.0
CUST-0136,Daniel Fowler,williamsmatthew@example.org,9473384842.0,North,MI,B2C,2024-04-11,Active,1,57.0
CUST-0468,Krista Gray,christianwallace@example.net,3978897782.0,Central,CA,B2C,2020-11-02,Active,1,72.0
CUST-0165,Peter Jones,kmarshall@example.net,7621850163.0,North,PA,B2C,2025-07-14,Active,1,74.0
CUST-0029,John Hancock,martinaaron@example.com,8088356159.0,East,WA,B2C,2021-10-28,Inactive,0,59.0
CUST-0599,Joshua Rodriguez,jhall@example.net,1950663370.0,North,AZ,B2C,2025-11-22,Active,1,35.0
CUST-0194,Robin Brown,mjohnson@example.org,7162713611.0,North,PA,B2C,2024-06-24,Active,1,46.0
CUST-0446,Jonathan Torres,,9674266299.0,North,NY,B2B,2021-07-04,Active,1,44.0
CUST-0679,Shawn Watson,,,Central,,,2023-12-06,Active,1,42.0
CUST-0585,Kimberly Lopez,,,South,,,2022-05-18,Active,1,57.0
CUST-0170,John Hernandez,hayeslisa@example.com,3264647154.0,South,AZ,B2C,2022-01-04,Active,1,71.0
CUST-0536,Kelly Wood,wolferoy@example.com,3824224124.0,West,WA,B2B,2026-03-08,Active,1,34.0
CUST-0141,Jonathan Dougherty,acostaregina@example.net,8685161227.0,East,TN,B2B,2025-06-17,Active,1,69.0
CUST-0174,Lindsey Hernandez,aguilardonald@example.com,9243426617.0,Central,GA,B2C,2025-12-29,Active,1,34.0
CUST-0007,Dr. Sharon James,xreid@example.org,1588496965.0,South,NC,B2C,2022-11-15,Inactive,0,55.0
CUST-0683,Felicia Small,meyerdonna@example.com,2380214629.0,West,MA,B2B,2025-06-19,Active,1,60.0
CUST-0530,Linda Elliott,johnsjessica@example.com,7454470229.0,West,CA,Guest,2024-10-21,Active,1,48.0
CUST-0693,Joel Jackson,,,West,,,2021-05-15,Churned,0,18.0
CUST-0074,Susan Brooks,charlesvaughn@example.net,7137098593.0,North,WA,B2C,2023-01-24,Churned,0,66.0
CUST-0899,Heather Richards,wilsondorothy@example.org,4669335134.0,South,TN,B2C,2025-03-31,Inactive,0,34.0
CUST-0126,,alyssa42@example.com,3687339500.0,East,GA,B2C,2023-12-11,Inactive,0,70.0
CUST-0239,John Harris,sarah42@example.org,5303070534.0,East,MA,B2C,2025-12-28,Active,1,59.0
CUST-0146,Jennifer Blair,ronald45@example.org,2874064039.0,North,CA,B2C,2023-04-18,Inactive,0,53.0
CUST-0906,Mark Tyler,christophercarrillo@example.org,8039205146.0,North,AZ,B2C,2022-06-20,Churned,0,
CUST-0235,Gloria Gomez,chelsea33@example.com,3191485646.0,West,MI,B2C,2024-04-27,Active,1,64.0
CUST-0221,Taylor Griffith,kathrynjimenez@example.net,7932525002.0,Central,AZ,Guest,2021-10-08,Inactive,0,21.0
CUST-0215,Kristy Bryan,millerstacy@example.net,1270296670.0,West,NY,B2C,2023-04-13,Churned,0,58.0
CUST-0963,Patrick Hart,christopher12@example.net,9015959194.0,East,GA,B2C,2022-10-21,Inactive,0,30.0
CUST-0133,Patrick Moore,fpena@example.net,2283857865.0,South,GA,Guest,2025-01-02,Active,1,51.0
CUST-0570,,maurice61@example.com,1484044566.0,North,GA,B2C,2023-04-04,Churned,0,54.0
CUST-0617,Terri Short,clintonstevens@example.org,8567566184.0,East,AZ,Guest,2020-08-05,Inactive,0,34.0
CUST-0846,Kim Mendez,umichael@example.net,8331942268.0,West,PA,B2C,2022-09-09,Active,1,49.0
CUST-0423,Sharon Nicholson,cameronmckinney@example.com,7883734031.0,South,WA,B2C,2024-07-13,Churned,0,58.0
CUST-0186,Charles Johnson,ihorton@example.net,1278361340.0,East,PA,Guest,2025-12-09,Active,1,43.0
CUST-0042,Jacob Tran,tanderson@example.com,2496631931.0,East,MA,B2C,2025-01-19,Inactive,0,41.0
CUST-0651,Todd Armstrong,meyershannon@example.org,6855716176.0,Central,TN,Guest,2023-01-27,Inactive,0,18.0
CUST-0109,Jill Washington,andrea86@example.com,1251531952.0,East,NC,B2C,2024-07-29,Active,1,69.0
CUST-0717,Diana Anderson,,,West,TX,,2021-01-23,Inactive,0,18.0
CUST-0057,Angel Riggs,gibsonolivia@example.net,4967175655.0,North,MA,B2B,2022-02-07,Active,1,49.0
CUST-0708,Jessica White,carnold@example.com,7313552510.0,East,AZ,B2B,2026-04-29,Active,1,25.0
CUST-0803,,thomassteven@example.net,4872866041.0,West,IL,B2C,2024-10-08,Churned,0,44.0
CUST-0994,Julie Lewis,vnavarro@example.net,4958292361.0,West,TN,B2B,2022-04-22,Active,1,42.0
CUST-0914,Sandra Nunez,laura29@example.org,8964546553.0,East,NC,B2C,2023-09-24,Churned,0,66.0
CUST-0436,Karen Shepard,william28@example.org,6795137116.0,South,IL,Guest,2024-12-16,Active,1,60.0
CUST-0025,Matthew Gomez,uowens@example.org,5315869232.0,South,TN,B2C,2022-01-11,Active,1,48.0
CUST-0480,Victor Waller,iballard@example.com,4319818984.0,West,TN,B2B,2022-07-10,Active,1,54.0
CUST-0583,Aaron Ochoa,mauriceharrison@example.org,9274220912.0,East,TX,B2C,2021-09-25,Active,1,45.0
CUST-0813,,turneralex@example.org,4037583094.0,East,TX,Guest,2025-06-15,Churned,0,
CUST-0671,Mario Wilson,laurenduarte@example.com,8227284765.0,West,CO,B2C,2021-06-01,Active,1,35.0
CUST-0892,Dominique Goodwin,davidhenry@example.com,8509775396.0,West,FL,B2C,2023-09-19,Active,1,23.0
CUST-0984,Samuel Morales,mhall@example.net,3339439457.0,North,WA,B2C,2025-03-02,Active,1,71.0
CUST-0339,Jennifer Donaldson,troymorris@example.com,9829456511.0,Central,WA,B2B,2020-12-12,Inactive,0,58.0
CUST-0052,Mary Martinez,william65@example.com,8774964990.0,Central,AZ,B2B,2023-03-21,Inactive,0,69.0
CUST-0384,Jason Pierce,millerpatrick@example.com,6094353344.0,Central,PA,B2C,2025-12-01,Inactive,0,18.0
CUST-0550,Molly Hansen,,,North,,,2021-03-06,Active,1,73.0
CUST-0887,,longbrittany@example.org,1902608698.0,South,TX,B2B,2026-03-03,Churned,0,32.0
CUST-0674,Alyssa Thompson,martha77@example.org,9756620563.0,East,TX,B2B,2025-04-01,Active,1,30.0
CUST-0982,William Rangel,sedwards@example.org,1463280944.0,East,NC,B2C,2025-05-02,Inactive,0,66.0
CUST-0265,Kirk Griffin,sanchezbradley@example.com,2880199488.0,South,WA,B2C,2022-03-01,Churned,0,64.0
CUST-0573,Margaret Mcfarland,kwelch@example.com,1566684590.0,North,TN,B2B,2021-08-23,Churned,0,54.0
CUST-0756,Mary Hill,danielhernandez@example.com,8087066266.0,Central,NY,B2B,2024-05-11,Active,1,35.0
CUST-0951,Kim Rivers,kristin39@example.com,9209579927.0,North,GA,Guest,2021-06-07,Active,1,30.0
CUST-0445,Michael Sims,jeremywiley@example.com,7626565045.0,East,IL,Guest,2024-12-04,Churned,0,72.0
CUST-0396,Wayne Steele,jeffrey92@example.com,5272386562.0,East,MA,B2C,2023-02-09,Active,1,38.0
CUST-0552,Travis Pratt,nancy94@example.net,3100651207.0,North,IL,B2C,2024-09-09,Active,1,58.0
CUST-0177,Christopher Lewis,ilee@example.org,2714611254.0,East,GA,B2C,2020-07-25,Active,1,59.0
CUST-0019,Rose Spence,davidalvarez@example.net,5990916998.0,East,TN,B2C,2021-02-20,Inactive,0,39.0
CUST-0761,Jaime Walker,drichards@example.com,5483152037.0,West,TX,B2B,2023-12-02,Inactive,0,62.0
CUST-0533,James Anderson,harrismichele@example.net,1274120948.0,Central,TX,B2B,2025-06-07,Active,1,
CUST-0606,Andre Rodriguez,coreyduncan@example.com,1959655553.0,West,OH,B2C,2021-07-07,Churned,0,44.0
CUST-0619,Morgan Cummings,sthompson@example.net,2591266201.0,East,GA,B2B,2025-04-02,Active,1,26.0
CUST-0368,Kimberly Flynn,adamortiz@example.org,3452111751.0,Central,AZ,B2C,2022-01-27,Inactive,0,60.0
CUST-0084,Michael Nelson,jerry35@example.org,1298851656.0,East,MI,B2C,2025-02-02,Active,1,44.0
CUST-0062,Destiny Strickland,rsims@example.com,6658404499.0,West,MA,B2B,2022-07-07,Active,1,63.0
CUST-0500,Austin Santiago,,,Central,,,2024-12-11,Active,1,73.0
CUST-0273,Benjamin Ballard,timothybooth@example.com,6204380571.0,Central,MA,B2C,2025-07-16,Active,1,62.0
CUST-0286,Angela Chung,scunningham@example.org,2878141413.0,Central,GA,Guest,2022-09-07,Active,1,67.0
CUST-0361,Austin Joseph,crawfordwilliam@example.org,7205664742.0,South,TX,B2B,2024-01-23,Active,1,55.0
CUST-0355,Pamela Henderson,imiller@example.net,1992069804.0,North,IL,B2B,2025-10-03,Inactive,0,28.0
CUST-0939,Michael Powell,,,North,,,2024-03-16,Inactive,0,46.0
CUST-0279,Roy Porter,jonathan77@example.com,7739930561.0,West,IL,B2C,2022-05-14,Active,1,73.0
CUST-0013,Anthony Rodriguez,laurahenderson@example.org,3031051834.0,West,FL,B2C,2024-08-10,Inactive,0,26.0
CUST-0183,Ashley Singleton,mitchellkathryn@example.com,4782827422.0,East,MA,B2C,2023-07-27,Active,1,75.0
CUST-0369,Ryan Wiley,aaron64@example.org,8025922220.0,West,IL,B2C,2025-01-06,Inactive,0,67.0
CUST-0637,Alison Wright,,,East,,,2025-03-06,Active,1,61.0
CUST-0656,Steven Huang,udavis@example.net,1469450053.0,South,IL,Guest,2021-12-06,Active,1,46.0
CUST-0224,Holly Morales,michaelroberts@example.com,3725135521.0,East,GA,B2B,2023-07-10,Active,1,31.0
CUST-0741,Nathan Watkins,,,West,,,2020-09-17,Active,1,46.0
CUST-0744,Sheila Herrera,sandyjohnson@example.org,3225957244.0,West,TX,Guest,2024-04-23,Active,1,19.0
CUST-0721,Carol Lane,brian41@example.org,1266343629.0,Central,MI,B2C,2024-02-26,Active,1,51.0
CUST-0582,Karen Perez,ramosmichael@example.com,8360041257.0,West,GA,B2B,2023-01-17,Active,1,21.0
CUST-0487,Megan Hoffman,juliahoffman@example.org,8577242954.0,South,TX,B2C,2021-04-13,Active,1,35.0
CUST-0543,Michael Martin,,,Central,,,2022-05-13,Active,1,23.0
CUST-0466,Ronald Mcclain,smithsarah@example.net,5477848588.0,North,CO,B2B,2023-09-07,Active,1,56.0
CUST-0622,Tanya Walters,,,East,,,2025-12-18,Churned,0,70.0
CUST-0496,Lisa Wells,wilsonmichael@example.org,5203207427.0,West,TX,Guest,2022-04-08,Churned,0,69.0
CUST-0821,Melissa Randall,,,Central,,,2025-07-08,Inactive,0,58.0
CUST-0668,Anthony Duncan,webbhaley@example.net,5135030587.0,South,TN,B2B,2026-04-30,Churned,0,60.0
CUST-0457,Anthony Li,phelpsmichael@example.net,1211939325.0,North,NY,B2C,2022-12-05,Churned,0,19.0
CUST-0394,Shannon Yu,janet69@example.org,7494651909.0,Central,OH,B2C,2021-05-09,Churned,0,71.0
CUST-0676,Megan Peters,clarkgina@example.com,3990970051.0,East,CA,Guest,2022-12-16,Inactive,0,58.0
CUST-0714,Taylor Berry,,4135800401.0,North,IL,B2B,2024-05-25,Active,1,29.0
CUST-0376,Michael Mckenzie,lewismelissa@example.org,9729343010.0,West,WA,B2C,2021-03-06,Inactive,0,59.0
CUST-0413,Karen Miller,shawrachel@example.net,8618306719.0,Central,TN,Guest,2025-04-13,Active,1,53.0
CUST-0075,Raymond Jefferson,hoganashlee@example.org,1812004711.0,Central,NY,B2C,2022-06-23,Active,1,54.0
CUST-0935,Norman Chavez,lindazhang@example.net,6494116318.0,West,FL,B2B,2024-03-24,Churned,0,62.0
CUST-0501,Michele Cherry,elucas@example.net,8103266421.0,East,GA,B2C,2022-02-27,Inactive,0,62.0
CUST-0597,Alexa Williams,jbarker@example.com,7273230085.0,West,OH,Guest,2023-10-11,Churned,0,55.0
CUST-0115,Olivia Brennan,williamsonjimmy@example.net,2927557192.0,Central,PA,B2C,2025-09-28,Active,1,48.0
CUST-0418,Sheryl Humphrey,patrick79@example.net,2417929111.0,West,MI,B2C,2022-11-04,Active,1,57.0
CUST-0090,Bailey Duran Dds,kimberlyjames@example.com,8226838851.0,West,MA,B2C,2021-02-18,Active,1,20.0
CUST-0977,Thomas Patel,adam35@example.org,7904599080.0,South,GA,B2B,2022-04-27,Active,1,31.0
CUST-0920,Nicole Villegas,colonbobby@example.org,9151169666.0,West,NY,B2C,2024-04-19,Active,1,70.0
CUST-0847,Helen Hernandez,juliecannon@example.com,1715888636.0,West,IL,B2C,2020-12-02,Active,1,32.0
CUST-0732,Zachary Scott,gregory17@example.org,6254882142.0,South,OH,B2C,2023-09-01,Active,1,73.0
CUST-0012,Nicole Patterson,icox@example.net,5465787133.0,North,PA,B2B,2025-03-09,Active,1,46.0
CUST-0397,Elizabeth Thompson,rushstacy@example.com,2276212679.0,West,MI,B2B,2023-01-08,Active,1,73.0
CUST-0569,Amy Cervantes,gcombs@example.com,5111508353.0,East,IL,B2C,2021-04-02,Inactive,0,61.0
CUST-0043,Christine Wright,gomezanita@example.com,8518506716.0,East,WA,Guest,2020-09-30,Active,1,28.0
CUST-0168,Jacob Mitchell,gilbertwilliam@example.com,1412678886.0,North,TX,B2C,2024-04-03,Active,1,32.0
CUST-0417,Ashley Hernandez,buckleyanna@example.org,4931027079.0,North,FL,B2C,2024-11-08,Active,1,25.0
CUST-0804,Anthony Ward,brandon48@example.net,1795922483.0,East,NC,B2C,2021-07-24,Active,1,39.0
CUST-0427,Hailey Monroe,kaitlyn14@example.org,9265273543.0,East,NY,B2B,2025-05-27,Active,1,52.0
CUST-0936,Sarah Hall,justin92@example.net,3130621136.0,Central,PA,B2C,2025-10-01,Active,1,40.0
CUST-0169,,,,West,NY,,2025-05-07,Active,1,51.0
CUST-0729,Michelle Wilson,nicholasgallagher@example.net,4455696443.0,North,MI,B2C,2025-07-05,Active,1,46.0
CUST-0653,James Torres,,,Central,,,2022-01-09,Churned,0,24.0
CUST-0258,Robert Cummings,ascott@example.net,1901204556.0,North,MA,B2C,2025-03-01,Active,1,60.0
CUST-0336,Charles Chen,ebrooks@example.net,7857306524.0,North,GA,B2C,2026-02-28,Active,1,30.0
CUST-0016,Pamela Romero,harrellkenneth@example.net,3080132677.0,South,MA,B2C,2022-08-26,Active,1,22.0
CUST-0685,Megan Nelson,joshuasmith@example.net,7973714708.0,South,GA,B2B,2023-02-15,Active,1,60.0
CUST-0325,Jerry Brown,stephanie72@example.org,1984872829.0,West,WA,B2C,2022-01-01,Churned,0,67.0
CUST-0682,,smithsarah@example.net,4758955168.0,West,IL,Guest,2026-03-02,Churned,0,
CUST-0223,Stephen Pena Md,booneryan@example.com,1464422096.0,North,NY,B2C,2022-10-21,Churned,0,55.0
CUST-0180,Tracy Bishop,pyoung@example.com,8603341918.0,South,PA,B2C,2026-03-01,Active,1,70.0
CUST-0100,Gary Santiago,marksteele@example.com,6235733221.0,East,MA,B2C,2024-05-29,Active,1,29.0
CUST-0522,John Brown,,,West,,,2020-10-02,Inactive,0,22.0
CUST-0023,Austin Johnson,chad34@example.net,2164005242.0,West,NC,B2C,2025-10-11,Active,1,33.0
CUST-0357,Pamela Santos,collinssamuel@example.org,1323878003.0,East,PA,B2C,2023-09-25,Inactive,0,57.0
CUST-0751,Alexis Tucker,smithsara@example.net,6117309850.0,South,MA,Guest,2023-08-11,Churned,0,53.0
CUST-0915,Angelica Webb,jamesobrien@example.org,5892187851.0,Central,FL,B2C,2022-10-24,Inactive,0,62.0
CUST-0849,,daniellee@example.org,3996059329.0,West,WA,B2B,2025-11-27,Active,1,74.0
CUST-0341,Julia Martinez,scottsmith@example.com,1303717058.0,East,CO,B2C,2025-09-26,Inactive,0,19.0
CUST-0432,Sara Hoffman,kenneth17@example.org,2772625701.0,West,TN,B2C,2026-01-16,Active,1,72.0
CUST-0588,Jesse Chavez,blopez@example.org,3495013649.0,West,TX,B2C,2022-11-15,Inactive,0,30.0
CUST-0886,Lauren Bonilla,robertjones@example.com,4512073465.0,East,MI,B2C,2026-01-19,Inactive,0,59.0
CUST-0204,Danielle Wilson,victorhughes@example.net,2003075622.0,North,NC,B2C,2023-01-31,Inactive,0,52.0
CUST-0781,Oscar Smith,bryanwiggins@example.org,1722036849.0,East,TX,B2C,2023-05-12,Active,1,33.0
CUST-0094,Rachel Weber,ronaldstephens@example.net,9799799552.0,West,TX,B2C,2022-05-25,Active,1,50.0
CUST-0595,Dawn Little,michaelwilliams@example.net,9156627768.0,Central,AZ,B2C,2025-01-31,Active,1,55.0
CUST-0069,James Lewis,matthew64@example.com,7946474367.0,North,FL,B2C,2021-12-15,Active,1,65.0
CUST-0663,Joshua Harvey,,,East,,,2020-06-19,Active,1,73.0
CUST-0285,Brent Hernandez,christineking@example.com,3435368222.0,South,MI,B2C,2021-12-07,Active,1,67.0
CUST-0853,Ann Hahn,joelduncan@example.net,2460568761.0,North,NY,B2C,2026-02-14,Inactive,0,24.0
CUST-0435,Norman Aguilar,matthewreeves@example.net,5554864015.0,East,GA,B2C,2023-12-21,Active,1,37.0
CUST-0154,Christopher Collins,kimberly99@example.org,3830469901.0,South,CO,B2C,2023-12-25,Inactive,0,19.0
CUST-0076,Mary Jones,alexander67@example.org,4617964053.0,West,GA,Guest,2023-05-13,Churned,0,73.0
CUST-0778,Barbara Mckinney,shannon51@example.org,6155999101.0,East,GA,Guest,2024-09-03,Active,1,36.0
CUST-0447,Linda Morgan,matthewvalenzuela@example.com,1810646287.0,South,FL,B2B,2024-04-15,Active,1,22.0
CUST-0189,Brian Stein,chenbailey@example.net,1872946671.0,West,NC,B2C,2025-09-16,Inactive,0,51.0
CUST-0272,Jerry Watson,brettbennett@example.net,8846081062.0,North,WA,B2B,2025-11-29,Active,1,52.0
CUST-0237,Taylor Griffith,david86@example.com,1671324754.0,Central,WA,B2B,2023-05-18,Active,1,29.0
CUST-0488,Rebecca Roberts,housepaul@example.net,5008931734.0,South,CA,B2C,2024-10-03,Active,1,37.0
CUST-0560,Sierra Andrews,,7081247395.0,North,CA,B2B,2024-08-06,Active,1,28.0
CUST-0118,Catherine Thompson,pharvey@example.com,4583132370.0,East,NC,B2C,2025-03-23,Active,1,50.0
CUST-0868,Shawn Duffy,,4362292587.0,Central,CO,B2C,2023-07-16,Inactive,0,61.0
CUST-0513,Mr. Matthew Steele,arianadiaz@example.com,1802437573.0,South,MI,Guest,2023-02-11,Active,1,74.0
CUST-0590,Johnny Peterson,,,West,,,2021-03-06,Active,1,51.0
CUST-0631,Samantha Smith,torresthomas@example.com,7948491025.0,West,NY,B2C,2021-08-31,Inactive,0,32.0
CUST-0127,Elizabeth Harrell,mcdonaldcharles@example.org,2162456506.0,North,MI,B2C,2024-07-05,Active,1,65.0
CUST-0117,Anthony Howard,hthomas@example.com,3217271551.0,Central,NC,B2C,2020-10-19,Active,1,70.0
CUST-0474,Amber Martin,lydianewton@example.com,3919541987.0,West,FL,B2C,2023-08-04,Active,1,67.0
CUST-0738,Jennifer Chen,,,Central,,,2023-03-31,Active,1,28.0
CUST-0058,Janet Ross,dianasmith@example.org,8807154516.0,Central,MA,Guest,2022-01-24,Inactive,0,47.0
CUST-0719,Christopher Rose,cooperchristopher@example.org,1449127113.0,West,NY,B2C,2026-05-16,Active,1,68.0
CUST-0967,Kimberly Cobb,ryanpatricia@example.net,1579766270.0,North,TX,Guest,2024-07-27,Inactive,0,21.0
CUST-0370,Cynthia Vasquez,kaufmandouglas@example.com,4123094077.0,West,NC,B2C,2022-02-26,Active,1,49.0
CUST-0269,Teresa Powers,heather62@example.com,8978292216.0,Central,MI,Guest,2020-10-22,Active,1,66.0
CUST-0047,Robert Perez,kellerraymond@example.com,3436349578.0,Central,PA,B2C,2023-05-21,Inactive,0,22.0
CUST-0350,Danielle Burke,kimberly04@example.org,3364622517.0,Central,AZ,B2B,2022-10-07,Active,1,50.0
CUST-0196,Matthew Mitchell,glennmartin@example.org,3219656523.0,East,WA,B2B,2022-07-26,Active,1,43.0
CUST-0103,Isaiah Avila,nwolf@example.com,5924075818.0,North,IL,B2B,2020-11-14,Active,1,67.0
CUST-0887,Gary Mitchell,longbrittany@example.org,1902608698.0,South,TX,B2B,2026-03-03,Churned,0,55.0
CUST-0790,Brenda Pierce,angel93@example.com,8277963044.0,Central,FL,Guest,2024-06-26,Inactive,0,29.0
CUST-0784,Amber Gomez,nhuber@example.org,3176741241.0,East,CO,B2B,2022-11-11,Inactive,0,53.0
CUST-0264,Molly Rodriguez,bmendez@example.org,5177971775.0,North,GA,B2C,2022-01-05,Active,1,31.0
CUST-0444,John Smith,jessicadodson@example.com,5430187186.0,South,GA,B2C,2023-11-04,Active,1,39.0
CUST-0946,Rachael Alvarez,kathleenwagner@example.com,5358268627.0,North,AZ,B2B,2024-04-04,Active,1,58.0
CUST-0305,Robert Long,frederickjames@example.net,8012796114.0,South,PA,B2B,2023-03-08,Active,1,60.0
CUST-0342,Susan Khan Md,clarence54@example.org,1214138113.0,West,FL,B2B,2022-02-17,Inactive,0,39.0
CUST-0639,Courtney Peterson,fsandoval@example.net,7265016731.0,Central,NC,Guest,2025-02-17,Active,1,26.0
CUST-0314,Monica Bailey,stanley38@example.com,1592086780.0,East,OH,Guest,2021-05-25,Inactive,0,29.0
CUST-0150,Courtney Rodriguez,danny49@example.org,2306738302.0,Central,IL,B2B,2021-09-22,Churned,0,47.0
CUST-0125,Jeremiah Riley,christopherphillips@example.net,8963259532.0,West,NC,B2C,2020-09-29,Churned,0,72.0
CUST-0834,Lisa Gomez,luke09@example.org,2464197857.0,East,MA,B2C,2025-06-09,Active,1,74.0
CUST-0873,Lindsay Carney,jessica36@example.org,1921562294.0,South,NC,B2B,2024-01-30,Active,1,32.0
CUST-0051,Kimberly Ball,michaeljones@example.net,9190229413.0,North,NC,B2C,2024-10-31,Active,1,72.0
CUST-0354,Alexis Lewis,fryraymond@example.com,4405147705.0,South,AZ,B2C,2020-07-20,Active,1,31.0
CUST-0985,James Pope,morgansharon@example.org,1240325376.0,West,OH,B2C,2025-09-19,Active,1,61.0
CUST-0143,Theodore Jones Jr.,cameronhill@example.net,1345933272.0,Central,PA,B2C,2021-04-30,Active,1,47.0
CUST-0471,Kristina Pena,xclements@example.org,1720850769.0,West,IL,B2B,2023-01-01,Active,1,25.0
CUST-0400,David Jones,kristin00@example.com,3894905807.0,West,NC,Guest,2020-07-04,Active,1,26.0
CUST-0666,Edwin Richardson,wwilkins@example.com,3964215226.0,East,PA,B2C,2020-09-18,Active,1,44.0
CUST-0321,James Wilson,megan92@example.net,7699611253.0,East,PA,B2C,2025-06-27,Inactive,0,19.0
CUST-0020,Shane Henderson,sarahcampos@example.net,1662475107.0,Central,TX,B2B,2021-10-25,Active,1,62.0
CUST-0859,Amy Lowery,johnnycruz@example.net,3534332491.0,South,PA,B2C,2026-01-16,Active,1,73.0
CUST-0838,Matthew Henderson,,,North,,,2023-03-09,Active,1,72.0
CUST-0877,Kaitlin Gomez,smithwilliam@example.com,9931647725.0,North,NY,B2C,2023-03-30,Active,1,41.0
CUST-0408,Christina Johnson,daniellerowland@example.com,5443009109.0,South,MI,B2C,2025-09-23,Inactive,0,55.0
CUST-0538,Shawn Ortiz,adammanning@example.org,5788614057.0,Central,OH,B2B,2021-02-14,Active,1,55.0
CUST-0661,Dawn Ellis,,,East,,,2020-06-09,Active,1,68.0
CUST-0039,Grant Watts,william40@example.org,8272046537.0,East,PA,B2C,2025-07-22,Active,1,48.0
CUST-0176,Sandra Rodgers,lucasrodney@example.com,8101438889.0,Central,FL,B2C,2021-07-01,Active,1,
CUST-0246,William Daniels,ismall@example.net,7842824172.0,East,AZ,B2C,2023-04-05,Inactive,0,59.0
CUST-0880,William Porter,,,East,,,2021-05-28,Active,1,34.0
CUST-0712,Kelly Bishop,thomasharmon@example.net,2171644556.0,North,NC,B2C,2024-05-13,Active,1,36.0
CUST-0802,Lauren Cunningham,courtney71@example.com,8162028123.0,West,MA,Guest,2025-07-03,Active,1,44.0
CUST-0912,Hannah Terry,martinjessica@example.com,1353703824.0,West,FL,B2C,2025-09-15,Churned,0,28.0
CUST-0155,Paul Williams,nelsonebony@example.com,5540331739.0,South,OH,Guest,2020-11-09,Active,1,44.0
CUST-0288,Adam Jackson,pbruce@example.com,1405336452.0,West,GA,B2C,2024-06-16,Inactive,0,66.0
CUST-0626,Bianca Taylor,tonypearson@example.org,9585988310.0,South,CA,B2B,2024-02-08,Active,1,60.0
CUST-0889,Wayne Douglas,unguyen@example.net,7917793238.0,South,CO,Guest,2026-01-03,Active,1,46.0
CUST-0570,Isaac Grant,maurice61@example.com,1484044566.0,North,GA,B2C,2023-04-04,Churned,0,51.0
CUST-0791,Anthony Davidson,kimberlywang@example.org,7456676640.0,East,GA,B2C,2023-06-14,Active,1,58.0
CUST-0018,Sandra Parker,allenashley@example.org,1297882081.0,North,MI,B2B,2023-07-01,Churned,0,67.0
CUST-0128,Veronica Coffey,christopher60@example.com,1887849912.0,West,PA,B2C,2026-03-01,Active,1,50.0
CUST-0323,Kayla Barnes,baileyhenderson@example.com,4611178006.0,Central,CO,Guest,2023-08-02,Active,1,69.0
CUST-0256,Brittany Murphy,nwilson@example.net,5483564208.0,West,TN,B2B,2022-02-17,Churned,0,60.0
CUST-0701,Daniel Rich,ashley46@example.net,3753617061.0,West,WA,B2B,2025-04-29,Inactive,0,21.0
CUST-0876,,charles80@example.org,7874951191.0,Central,CO,B2B,2026-04-02,Active,1,61.0
CUST-0191,Andrea Fox,myerstheodore@example.net,1789297500.0,West,CA,B2B,2024-11-11,Churned,0,20.0
CUST-0116,Nicole Hamilton Md,wallaceheather@example.org,2278681447.0,South,MI,B2C,2022-11-08,Churned,0,67.0
CUST-0657,Rebecca Higgins,davisjasmin@example.net,8498373543.0,Central,WA,B2C,2025-12-05,Inactive,0,27.0
CUST-0607,Marcus Garza Jr.,catherinejones@example.org,1276209184.0,East,GA,B2C,2026-01-03,Inactive,0,34.0
CUST-0181,Cheyenne Gregory,smurray@example.com,1985969691.0,East,MA,B2C,2024-05-26,Active,1,32.0
CUST-0302,Adam Foster,vbrock@example.com,1209818063.0,West,PA,B2B,2021-04-27,Active,1,50.0
CUST-0807,Douglas Maxwell,kpeterson@example.org,6694596488.0,South,TX,B2C,2020-07-09,Active,1,30.0
CUST-0758,Olivia Williams,buckleygregory@example.org,5010272405.0,East,MI,B2C,2025-08-28,Active,1,41.0
CUST-0880,,,,East,,,2021-05-28,Active,1,46.0
CUST-0782,Jennifer Cooper,todd88@example.com,1973244913.0,South,TX,B2B,2024-10-30,Inactive,0,66.0
CUST-0706,Shane Martinez,jonesalfred@example.net,9694591966.0,South,MI,B2C,2021-09-21,Churned,0,31.0
CUST-0518,Kristen Stephens,jvaldez@example.com,4478712552.0,North,MA,B2B,2022-03-22,Churned,0,35.0
CUST-0373,Bianca Carter,sara65@example.com,6999827950.0,North,CO,B2C,2024-02-10,Active,1,47.0
CUST-0046,Michael Reyes,garrisonjeffrey@example.com,1680831367.0,South,AZ,B2C,2022-09-05,Inactive,0,40.0
CUST-0964,Dr. Christine Wagner Phd,cynthia74@example.org,1675833920.0,West,GA,Guest,2025-02-21,Active,1,26.0
CUST-0158,Daniel Taylor,keith10@example.com,5785477725.0,South,NY,B2C,2022-02-24,Active,1,68.0
CUST-0941,Kari Ellis,bensonstanley@example.org,3079649673.0,West,MI,B2C,2021-08-21,Churned,0,62.0
CUST-0172,Jake Campbell,rschroeder@example.net,7937526547.0,Central,CO,B2B,2025-08-06,Active,1,32.0
CUST-0017,Brittany Farmer,georgetracy@example.org,8474687234.0,South,CA,B2C,2024-09-23,Active,1,36.0
CUST-0512,Heather Lambert,craigharvey@example.org,2806958146.0,West,TX,B2C,2024-07-21,Churned,0,37.0
CUST-0049,Wesley White,benjamin96@example.com,1543524082.0,North,CA,B2C,2020-08-23,Inactive,0,20.0
CUST-0192,Mrs. Alexis Kramer,john19@example.net,2632424154.0,North,PA,B2C,2023-09-13,Active,1,32.0
CUST-0893,Lindsey Howard,,6855245787.0,North,WA,Guest,2023-01-18,Inactive,0,39.0
CUST-0516,Angela Ramirez,patriciagonzalez@example.net,7619318374.0,East,CO,B2C,2021-11-27,Active,1,60.0
CUST-0947,Brittany Luna,marshelizabeth@example.com,4693265732.0,West,PA,B2C,2024-03-27,Inactive,0,54.0
CUST-0731,Zachary Hammond,jonathan14@example.org,1614070349.0,North,GA,B2C,2025-11-04,Active,1,62.0
CUST-0481,Nicole Evans,jennifer83@example.org,1836321234.0,West,IL,Guest,2025-07-14,Active,1,31.0
CUST-0284,Denise Madden,shawheidi@example.com,5268424508.0,Central,NY,B2B,2020-07-20,Active,1,22.0
CUST-0938,Sandra Miller,colemandavid@example.org,4481323570.0,West,TX,B2C,2021-08-28,Active,1,66.0
CUST-0698,Samantha Thompson,gjones@example.net,3964825311.0,North,OH,B2B,2023-03-06,Inactive,0,68.0
CUST-0226,Holly Thomas,cporter@example.org,5271040541.0,North,PA,B2B,2023-04-18,Active,1,60.0
CUST-0027,Brenda White,ewright@example.com,5654145868.0,East,CA,B2B,2022-01-10,Churned,0,44.0
CUST-0830,Tiffany Johnson,hbeard@example.com,1854696815.0,Central,CA,B2B,2025-01-03,Active,1,42.0
CUST-0438,Daniel Savage,vfrench@example.com,5103856955.0,West,MI,B2C,2021-03-03,Active,1,62.0
CUST-0488,,housepaul@example.net,5008931734.0,South,CA,B2C,2024-10-03,Active,1,31.0
CUST-0365,Blake Watson,whitelinda@example.org,2817703886.0,North,NC,B2C,2023-02-18,Inactive,0,65.0
CUST-0230,Molly Watts,carlsonjoseph@example.net,1825652704.0,West,IL,B2B,2023-01-10,Active,1,25.0
CUST-0038,Brandy Wilson,newtoneric@example.com,8706562729.0,Central,CA,Guest,2021-04-16,Active,1,75.0
CUST-0670,Kathleen Morton,jeanettekrause@example.org,8501917920.0,South,PA,B2B,2024-10-30,Active,1,61.0
CUST-0591,,,,East,,,2026-05-04,Active,1,51.0
CUST-0375,Joshua Oconnell,shannonford@example.org,3794695489.0,Central,PA,Guest,2023-01-30,Active,1,38.0
CUST-0470,Justin Smith,connersylvia@example.net,8556503334.0,Central,TX,Guest,2023-11-04,Active,1,41.0
CUST-0026,,lauren13@example.org,1542160733.0,East,IL,B2C,2026-02-20,Churned,0,75.0
CUST-0688,James Miller,,,West,,,2026-02-26,Inactive,0,49.0
CUST-0904,Melissa Foster,christopher20@example.org,6178996986.0,North,MI,B2B,2026-04-14,Inactive,0,58.0
CUST-0983,Robert Brown,rjones@example.org,1554614707.0,Central,CO,B2C,2021-06-30,Active,1,37.0
CUST-0913,Jordan Matthews,sandra72@example.com,9320430977.0,West,NC,B2C,2023-05-03,Active,1,60.0
CUST-0195,Emily Collins,ihays@example.com,4189092753.0,South,TN,B2C,2022-02-08,Inactive,0,33.0
CUST-0908,Christina Hudson,awilliams@example.org,1852715598.0,East,MA,B2C,2024-03-26,Churned,0,48.0
CUST-0918,Justin Tucker,,,Central,WA,,2025-08-30,Churned,0,71.0
CUST-0504,James Wilson,maychristine@example.net,1817422438.0,East,MI,B2B,2024-02-04,Active,1,53.0
CUST-0485,,karen24@example.net,8124815698.0,East,GA,B2C,2020-08-16,Inactive,0,55.0
CUST-0883,John Martin,fgraham@example.org,7748170066.0,West,MA,B2B,2022-05-14,Active,1,44.0
CUST-0580,Seth Donovan,staylor@example.net,2324841376.0,Central,TX,Guest,2024-06-17,Active,1,53.0
CUST-0161,Vincent Jackson,xcollier@example.org,3182339845.0,East,CO,B2C,2021-05-22,Active,1,71.0
CUST-0681,Gerald Webb,kimberly21@example.net,1327474721.0,West,CA,B2C,2024-08-30,Active,1,30.0
CUST-0163,Christopher Dixon,schmidtjames@example.com,8591803397.0,East,CA,Guest,2022-04-18,Inactive,0,44.0
CUST-0747,Ashley Crawford,bryanharris@example.com,2941017590.0,South,PA,B2B,2020-12-14,Active,1,59.0
CUST-0153,Charles Schultz,davisalyssa@example.com,4708668826.0,South,IL,B2B,2026-01-01,Active,1,39.0
CUST-0894,Karen Hart,bdavis@example.com,1760821371.0,Central,AZ,B2C,2024-03-13,Churned,0,33.0
CUST-0827,David Dunlap Jr.,,,West,,,2022-07-17,Active,1,54.0
CUST-0803,Alicia Green,thomassteven@example.net,4872866041.0,West,IL,B2C,2024-10-08,Churned,0,54.0
CUST-0112,Andrew Shaw Md,sawyerscott@example.net,1975841616.0,South,NC,B2C,2021-09-14,Active,1,39.0
CUST-0227,Regina Stone,catherinerobertson@example.com,3599706296.0,South,CA,B2B,2021-07-29,Active,1,53.0
CUST-0733,Matthew Rodriguez,probinson@example.org,9536661449.0,East,NY,B2C,2025-08-08,Inactive,0,35.0
CUST-0104,Dwayne Gilmore,omartinez@example.net,4613750606.0,Central,PA,B2B,2025-01-30,Churned,0,18.0
CUST-0422,Jason Brewer,scottmcintyre@example.com,2927914560.0,Central,FL,B2B,2023-02-20,Churned,0,71.0
CUST-0420,John Adams,andrew44@example.com,4582739021.0,Central,OH,B2C,2022-06-07,Active,1,20.0
CUST-0998,Dennis Garcia,nicholascobb@example.org,3147165609.0,East,PA,B2C,2020-08-04,Active,1,20.0
CUST-0587,Dominique Paul,robert12@example.org,8613315520.0,West,WA,B2C,2026-04-24,Active,1,42.0
CUST-0828,Michael Hernandez,wolfdonna@example.net,4441233613.0,South,WA,B2C,2021-12-07,Inactive,0,40.0
CUST-0673,Jonathon Nguyen,wilsonmathew@example.com,1562418623.0,Central,CA,B2B,2020-12-26,Active,1,60.0
CUST-0120,Jeremy Reed,danielle64@example.com,1426801824.0,South,PA,Guest,2025-01-22,Active,1,31.0
CUST-0054,Joshua Smith,jason99@example.net,1913493618.0,South,TN,B2C,2025-04-02,Active,1,42.0
CUST-0152,Donald Farmer,michael22@example.net,9056856624.0,West,NY,B2C,2022-09-07,Active,1,36.0
CUST-0404,Stephanie Davis,bbush@example.net,4766372395.0,North,WA,B2C,2021-01-18,Inactive,0,51.0
CUST-0272,,brettbennett@example.net,8846081062.0,North,WA,B2B,2025-11-29,Active,1,75.0
CUST-0208,William Conner,kristyjohnson@example.net,2641383670.0,South,AZ,B2C,2024-09-26,Active,1,44.0
CUST-0659,Mary Hernandez,haroldjoseph@example.com,6042269312.0,North,OH,B2B,2023-04-06,Churned,0,64.0
CUST-0897,Carl Leach,alexandraphillips@example.org,8340646867.0,West,PA,B2B,2022-12-19,Churned,0,23.0
CUST-0810,Eric Garner,walkermelissa@example.org,9675481386.0,West,CO,B2C,2023-04-27,Active,1,64.0
CUST-0009,James Mayo,gabriellecameron@example.org,6514627048.0,South,NC,Guest,2022-06-29,Churned,0,25.0
CUST-0929,Lisa Thomas,ngriffin@example.net,2803149982.0,East,AZ,B2B,2022-10-16,Active,1,55.0
CUST-0037,Joshua Turner,contrerasangela@example.net,2967054668.0,Central,CO,B2C,2021-10-02,Active,1,31.0
CUST-0453,Autumn Wilson,jimenezchelsea@example.com,1965213283.0,Central,MI,B2C,2024-10-05,Churned,0,65.0
CUST-0652,Jennifer Moss,oblack@example.org,6240903678.0,Central,TX,B2B,2022-07-02,Inactive,0,44.0
CUST-0254,Susan Todd,kathleenbecker@example.net,2100167618.0,East,GA,B2C,2023-12-12,Active,1,34.0
CUST-0304,Christopher Sanders,kelly79@example.org,1762137213.0,West,CO,B2C,2022-02-13,Active,1,48.0
CUST-0794,Gregory Parker,fsawyer@example.org,4556383000.0,Central,TX,B2C,2023-08-01,Inactive,0,18.0
CUST-0572,Patricia Griffin,jamesjustin@example.net,8377805292.0,East,AZ,B2B,2026-02-19,Inactive,0,35.0
CUST-0624,Laura Davis,zroberts@example.org,4087510293.0,South,TX,B2C,2024-03-14,Churned,0,55.0
CUST-0755,Joseph Davis,michelle88@example.org,1210783567.0,South,CA,Guest,2022-01-16,Active,1,25.0
CUST-0765,Kristen Hall,,,East,,,2021-11-08,Active,1,60.0
CUST-0263,Jessica Gray,johnreed@example.com,4877217535.0,East,CA,B2C,2026-02-20,Active,1,45.0
CUST-0611,Theresa Hansen,xreese@example.net,8434712871.0,East,MA,B2B,2022-07-11,Active,1,18.0
CUST-0298,Jennifer Johnson,angela99@example.com,4369292984.0,South,AZ,B2C,2025-02-23,Churned,0,71.0
CUST-0415,William Graham,maryscott@example.net,1815717320.0,North,AZ,Guest,2020-10-09,Active,1,66.0
CUST-0151,Vanessa Cardenas,lynchdiane@example.net,1734283644.0,Central,MI,Guest,2024-01-23,Churned,0,20.0
CUST-0836,William Jenkins,stanleyjohn@example.net,9509546540.0,Central,IL,B2B,2021-03-28,Active,1,38.0
CUST-0641,Erin Daniels,denisecarpenter@example.net,4560531340.0,South,OH,B2C,2023-01-25,Active,1,35.0
CUST-0944,Jennifer Zuniga,pamela32@example.net,9555628333.0,South,MI,B2B,2021-08-14,Churned,0,65.0
CUST-0551,Jared Smith,richardrodriguez@example.org,1517350583.0,Central,MI,B2C,2022-01-24,Active,1,24.0
CUST-0856,Brian Lewis,scott49@example.org,7954429477.0,East,NY,B2C,2024-01-03,Inactive,0,26.0
CUST-0489,Amy Manning,christinenorman@example.com,1352910867.0,North,FL,B2C,2023-01-26,Active,1,71.0
CUST-0711,John Vaughn,jessicafox@example.com,1839040907.0,South,MA,Guest,2023-07-19,Active,1,27.0
CUST-0148,Laurie Hoffman,elizabeth65@example.net,7128682300.0,East,GA,B2C,2021-07-08,Active,1,
CUST-0147,Andrea Decker,reynoldsjulie@example.com,9046226567.0,West,OH,B2B,2026-04-02,Churned,0,36.0
CUST-0966,Steven Chambers,speters@example.net,4310672453.0,North,GA,B2C,2025-08-03,Active,1,47.0
CUST-0989,Kimberly Thomas,vparker@example.com,1297123166.0,North,GA,B2C,2023-01-21,Active,1,22.0
CUST-0787,William Ferguson,knapprichard@example.com,1518306178.0,South,AZ,B2B,2023-08-01,Active,1,54.0
CUST-0660,Randy Griffin,davidanderson@example.org,4091660100.0,South,FL,B2C,2023-01-12,Active,1,59.0
CUST-0349,Leah Cruz,iedwards@example.org,8048058925.0,Central,AZ,B2B,2021-08-08,Active,1,69.0
CUST-0464,Dennis Edwards,tiffanysantiago@example.com,1857967842.0,North,TX,B2C,2024-02-28,Active,1,26.0
CUST-0326,Kathy Simpson,cperry@example.com,6578317456.0,East,NY,B2C,2023-09-04,Active,1,23.0
CUST-0187,Aaron Miller,jason28@example.net,5959629233.0,North,MI,B2C,2024-05-26,Active,1,34.0
CUST-0124,Megan Le,courtneyberger@example.net,1762588153.0,North,IL,B2C,2022-01-10,Active,1,60.0
CUST-0907,Bruce Barrera,emaynard@example.org,1753470574.0,South,NC,B2C,2024-06-10,Active,1,20.0
CUST-0609,Amy Jensen,navarromary@example.org,8716493289.0,Central,CA,B2B,2023-07-20,Inactive,0,56.0
CUST-0144,Erika Vang,shawn96@example.org,5391878519.0,North,CA,B2C,2025-05-22,Churned,0,64.0
CUST-0752,Diane Steele,nschwartz@example.org,1712418938.0,Central,IL,B2C,2025-12-14,Active,1,50.0
CUST-0651,,meyershannon@example.org,6855716176.0,Central,TN,Guest,2023-01-27,Inactive,0,35.0
CUST-0198,Tim Stone Phd,mmiller@example.org,2552696582.0,West,CO,B2B,2026-04-19,Active,1,45.0
CUST-0610,Anne Hardy,hlopez@example.net,1927178333.0,North,TX,B2C,2022-03-31,Inactive,0,49.0
CUST-0280,Heather Taylor,iwhite@example.net,1970435811.0,Central,NC,B2B,2021-11-03,Active,1,25.0
CUST-0294,Donald Riddle,jperez@example.com,1384638655.0,West,TN,B2C,2023-03-10,Active,1,39.0
CUST-0884,Michael Washington,,,South,,,2024-03-01,Active,1,25.0
CUST-0401,Tracy Wilkerson,wmacias@example.net,1744209494.0,West,MI,B2B,2024-02-20,Active,1,71.0
CUST-0123,Stephanie Parsons,catherinegomez@example.net,1564710276.0,West,FL,B2C,2024-08-20,Active,1,61.0
CUST-0184,Brittany Kim,lisawilkerson@example.org,1923688767.0,West,GA,B2B,2024-03-25,Active,1,55.0
CUST-0203,Tiffany Watson,berryalyssa@example.com,1377850792.0,South,IL,B2C,2021-09-18,Churned,0,35.0
CUST-0439,Julie Wilson,delacruzbrandy@example.net,6924243754.0,North,NY,B2C,2022-08-17,Active,1,34.0
CUST-0247,Robert Rivera,twong@example.org,7135346554.0,Central,IL,B2C,2024-05-23,Active,1,33.0
CUST-0416,Justin Arnold,april09@example.net,6787005050.0,West,TX,B2B,2020-12-24,Inactive,0,
CUST-0824,William Morgan,,,North,NY,Guest,2021-11-05,Active,1,71.0
CUST-0931,Jean Higgins,abigailfernandez@example.org,7137399006.0,South,TN,B2C,2020-09-21,Churned,0,54.0
CUST-0961,Aaron Marshall,denise20@example.org,3132532694.0,Central,OH,B2C,2025-02-17,Active,1,70.0
CUST-0955,Tyrone White,evanscorey@example.org,2463766046.0,East,PA,B2C,2021-11-06,Churned,0,32.0
CUST-0942,Jaclyn Crane,xrodriguez@example.net,4785324264.0,South,PA,B2C,2021-09-29,Active,1,28.0
CUST-0130,Manuel Hahn,rose31@example.net,7269495888.0,West,AZ,B2C,2022-05-26,Active,1,51.0
CUST-0638,Heather Turner,lisa46@example.org,8348079705.0,North,MI,B2C,2023-05-12,Active,1,43.0
CUST-0403,Dean Garcia,george62@example.net,4927524372.0,Central,MA,B2B,2022-12-02,Churned,0,56.0
CUST-0217,,eevans@example.net,5838065787.0,East,TN,B2C,2025-11-14,Active,1,24.0
CUST-0818,Ashley Davenport,gcoleman@example.org,2448515791.0,Central,TN,B2C,2024-02-24,Active,1,35.0
CUST-0736,Teresa Henry,upowell@example.org,2612943985.0,South,MI,B2C,2020-06-10,Active,1,42.0
CUST-0968,Heather Hess,paul01@example.com,1587367042.0,East,WA,B2C,2024-03-13,Active,1,60.0
CUST-0220,Brent Roberts,alin@example.org,1493784270.0,North,FL,B2C,2024-03-26,Active,1,60.0
CUST-0642,Ellen Thornton,russellstout@example.org,5741678725.0,West,NC,B2C,2022-02-17,Inactive,0,25.0
CUST-0970,Robert Garrett,jimsnyder@example.com,9485953259.0,South,AZ,B2C,2023-06-15,Active,1,32.0
CUST-0800,Brittany Evans,qmartinez@example.com,4697893074.0,West,IL,B2C,2020-08-21,Inactive,0,67.0
CUST-0855,Emily Collier,vshaffer@example.org,6547574949.0,North,CO,B2B,2021-06-13,Active,1,75.0
CUST-0975,Justin Gibson,,,South,,,2025-08-21,Active,1,64.0
CUST-0625,John Mcgee,zbaker@example.net,3845826034.0,North,NC,Guest,2021-07-14,Active,1,25.0
CUST-0891,James Thompson,ndavis@example.org,1765290603.0,North,NY,B2C,2025-07-14,Inactive,0,31.0
CUST-0808,Daniel Lopez,butlersabrina@example.org,4491289659.0,Central,MI,B2C,2022-04-06,Inactive,0,29.0
CUST-0387,Steven Osborne,stokesthomas@example.com,3662997954.0,East,MA,B2B,2025-06-28,Inactive,0,19.0
CUST-0890,,marcus01@example.net,3649133424.0,East,AZ,Guest,2025-04-02,Inactive,0,55.0
CUST-0510,Ruben Lee,emilybradley@example.org,9770793349.0,West,CA,B2C,2021-12-22,Active,1,66.0
CUST-0268,Antonio Fry,conniesimmons@example.com,9351609177.0,Central,NC,B2B,2023-12-05,Active,1,24.0
CUST-0869,Crystal Davis,sgonzalez@example.org,9452455574.0,West,MI,B2C,2025-11-30,Active,1,53.0
CUST-0442,Mr. Christopher Walters,hayesjason@example.org,7208854749.0,South,CO,B2C,2021-02-05,Churned,0,27.0
CUST-0497,Lisa Haley,patrick16@example.com,7877712151.0,South,MA,B2C,2025-11-15,Inactive,0,63.0
CUST-0113,Charles Pitts,charlesharrington@example.com,1647962757.0,East,MI,Guest,2024-04-18,Active,1,18.0
CUST-0692,Michael Ortega,shawn01@example.com,1476528928.0,West,IL,B2C,2023-07-03,Inactive,0,34.0
CUST-0233,Damon Shaw,vsalas@example.net,5320616329.0,East,PA,Guest,2021-09-12,Churned,0,42.0
CUST-0923,Adriana Davenport,gpeterson@example.org,7123972835.0,North,MA,B2C,2023-12-12,Active,1,44.0
CUST-0608,Steve Miller Phd,wardjulia@example.com,8305050573.0,Central,GA,B2C,2025-12-27,Active,1,59.0
CUST-0672,Justin Walsh,davidsonhannah@example.com,2092820667.0,Central,AZ,B2C,2020-10-18,Churned,0,46.0
CUST-0374,Benjamin Harris,moorefrank@example.com,8814721458.0,West,NC,B2B,2024-04-05,Active,1,42.0
CUST-0664,Scott Estrada,mark10@example.org,1292268592.0,South,TN,B2C,2023-05-19,Active,1,41.0
CUST-0896,Kelly Roberts,zmiller@example.com,2858382521.0,South,WA,B2C,2024-11-23,Active,1,25.0
CUST-0234,Kelly Hoffman,ufox@example.org,8868548709.0,Central,NC,B2C,2020-12-09,Active,1,53.0
CUST-0833,Julie Hart,williammyers@example.com,3516025298.0,West,WA,B2C,2026-03-29,Active,1,30.0
CUST-0677,Diana Johnson,ksims@example.net,5565215681.0,Central,CO,B2C,2020-12-21,Active,1,27.0
CUST-0318,Sonya Cole,tprice@example.org,7744890612.0,North,FL,B2C,2020-08-28,Active,1,52.0
CUST-0649,Norma Jones Dvm,fcamacho@example.net,7598953439.0,West,TX,Guest,2026-02-13,Active,1,71.0
CUST-0411,Paul Contreras,barnettlindsey@example.com,8271286391.0,West,AZ,B2C,2025-03-18,Active,1,49.0
CUST-0953,Alexander Rice,hscott@example.org,9099625438.0,East,NC,Guest,2024-02-16,Active,1,70.0
CUST-0710,Timothy Johnston,goodashley@example.net,8655330770.0,East,OH,B2B,2024-09-04,Active,1,36.0
CUST-0359,Michael Miles,tylerreed@example.net,4168936392.0,West,IL,Guest,2021-11-26,Active,1,48.0
CUST-0259,Amber Cooper,weaverbrian@example.org,4557941552.0,North,OH,B2C,2022-04-06,Active,1,34.0
CUST-0745,Kaitlin Hardin,sanchezdeborah@example.org,4988425995.0,Central,MI,B2C,2024-07-26,Active,1,67.0
CUST-0628,Michael Henderson,james59@example.net,6628314359.0,Central,MI,B2B,2025-04-23,Inactive,0,26.0
CUST-0633,Jamie Escobar,scottbrian@example.org,8727578446.0,Central,AZ,Guest,2026-05-09,Inactive,0,65.0
CUST-0283,Susan Hopkins,smithandrea@example.org,2158144914.0,West,OH,B2C,2026-01-30,Inactive,0,33.0
CUST-0377,Tracy Foster,byrdjorge@example.org,8605583034.0,East,CO,B2B,2021-03-09,Active,1,41.0
CUST-0385,Rebecca Wright,mayokimberly@example.com,1441098813.0,East,NC,B2C,2022-02-08,Active,1,54.0
CUST-0225,Joshua Bryan,andersoncolin@example.com,6100676267.0,West,PA,B2C,2024-09-12,Active,1,52.0
CUST-0543,,,,Central,,,2022-05-13,Active,1,24.0
CUST-0895,Mark Davis,teresa32@example.com,1881826832.0,North,FL,B2C,2025-08-19,Active,1,57.0
CUST-0473,Peter Walker,michael48@example.net,6563718344.0,North,IL,Guest,2024-04-04,Active,1,34.0
CUST-0348,Brittany Jenkins,fheath@example.org,6096105566.0,North,MA,B2C,2022-03-22,Inactive,0,24.0
CUST-0506,Timothy James,wellsamanda@example.org,4601645977.0,Central,CO,B2C,2021-02-22,Churned,0,37.0
CUST-0640,Megan Salas,robertberry@example.com,4437654562.0,Central,CO,B2C,2023-08-30,Churned,0,31.0
CUST-0114,,melissa86@example.com,8582029702.0,North,FL,B2C,2023-04-16,Active,1,52.0
CUST-0798,Joel Bradley,jamescollier@example.com,1688360765.0,North,GA,B2B,2023-12-08,Churned,0,67.0
CUST-0986,Leah Rodriguez,,,East,TN,B2B,2024-04-09,Active,1,45.0
CUST-0960,Walter Brooks,,,South,FL,,2024-08-31,Churned,0,30.0
CUST-0620,Anna May,crossbarbara@example.org,1826301367.0,Central,NY,B2C,2025-04-24,Active,1,54.0
CUST-0909,Jessica Perry,mmclaughlin@example.net,8597263475.0,East,CO,B2C,2025-10-09,Active,1,62.0
CUST-0852,Angela Guzman,lesterrichard@example.com,2687616481.0,Central,WA,Guest,2020-11-17,Inactive,0,22.0
CUST-0646,Crystal Hall,howardhailey@example.com,8093106684.0,South,FL,B2C,2025-07-24,Active,1,31.0
CUST-0900,Amber Butler,,,Central,,,2021-12-17,Active,1,68.0
CUST-0557,Cheryl Mclaughlin,jillsalas@example.org,5880653331.0,East,FL,B2C,2026-03-22,Inactive,0,64.0
CUST-0454,,benjamincrawford@example.org,9112075452.0,West,TN,Guest,2024-11-10,Active,1,28.0
CUST-0578,Angela Huynh,pparker@example.net,1227169385.0,West,GA,B2C,2022-08-23,Active,1,30.0
CUST-0796,Kevin Miller,kevinmcneil@example.net,3860089219.0,West,FL,B2C,2023-12-07,Churned,0,19.0
CUST-0086,Brian Lee,michaelturner@example.net,6024455022.0,Central,WA,B2C,2025-06-27,Active,1,49.0
CUST-0243,Randy Pearson,amandasharp@example.org,8910858994.0,East,WA,B2B,2025-11-26,Active,1,45.0
CUST-0699,Jamie Snyder,davislisa@example.net,3960275233.0,East,FL,B2C,2025-06-25,Active,1,74.0
CUST-0928,Valerie Barnes,jennifer55@example.org,6666617071.0,East,NC,B2C,2026-01-10,Active,1,50.0
CUST-0160,Shannon Johnston,amckinney@example.com,9008860084.0,Central,IL,B2B,2024-04-27,Inactive,0,48.0
CUST-0525,William Walker,wgomez@example.com,1217490753.0,Central,AZ,Guest,2024-10-21,Active,1,18.0
CUST-0036,Daniel Baker,nicole35@example.com,1322362316.0,East,NC,B2C,2021-04-05,Active,1,63.0
CUST-0541,Dalton Arnold,jwhite@example.net,6653984028.0,Central,TX,B2C,2026-03-14,Active,1,68.0
CUST-0171,Carrie Wright,hritter@example.net,3240659657.0,East,OH,B2C,2021-02-16,Churned,0,55.0
CUST-0655,Teresa Horton,phillipmorris@example.org,1603381059.0,East,TX,Guest,2021-12-09,Churned,0,31.0
CUST-0945,Joshua Jones,butlerashley@example.net,1854362718.0,East,TN,B2C,2024-07-26,Inactive,0,24.0
CUST-0911,Ethan Brown,hsmall@example.com,3964258562.0,West,TX,B2C,2020-07-28,Inactive,0,52.0
CUST-0901,Thomas Patrick,jacobburgess@example.net,9215406417.0,West,MI,B2B,2022-08-31,Inactive,0,56.0
CUST-0335,,dustinmorris@example.org,3327195005.0,South,AZ,B2C,2020-11-30,Active,1,71.0
CUST-0734,Ashley Jones,kimberly07@example.org,1434268344.0,East,MI,Guest,2024-03-01,Active,1,71.0
CUST-0096,John Torres,gbender@example.net,8798079359.0,West,NC,B2B,2022-11-12,Active,1,49.0
CUST-0564,Chelsea Baker,thomas95@example.com,6289731791.0,South,NC,B2C,2025-08-15,Churned,0,61.0
CUST-0241,Ashlee Townsend,oconnelltiffany@example.org,2602933334.0,West,NC,B2B,2023-03-22,Inactive,0,18.0
CUST-0743,Richard Williams,lewisdesiree@example.net,1905277402.0,Central,MA,Guest,2023-04-19,Active,1,26.0
CUST-0864,Austin Fisher,shawn00@example.net,8173997046.0,Central,IL,B2C,2026-05-09,Active,1,52.0
CUST-0575,Teresa Adkins,lgutierrez@example.org,1418209702.0,North,TN,Guest,2024-03-12,Active,1,64.0
CUST-0691,Julie Hall,douglashuang@example.com,7044817766.0,East,PA,B2C,2025-11-22,Active,1,21.0
CUST-0461,Carol Anderson,jarvismegan@example.org,9164794738.0,West,IL,Guest,2025-12-05,Active,1,63.0
CUST-0554,Mr. James Kramer,ericahall@example.com,8991507859.0,South,TX,B2B,2020-08-22,Active,1,19.0
CUST-0858,Mike Underwood,brewerrebecca@example.org,4529858567.0,South,MA,B2C,2021-08-23,Active,1,44.0
CUST-0974,Monica Hill,,,West,,,2022-05-08,Inactive,0,25.0
CUST-0207,Michelle Pierce,patricia22@example.com,7973832060.0,South,NC,B2C,2023-02-16,Inactive,0,52.0
CUST-0393,Sarah Morris,hernandezjanet@example.org,9013290227.0,Central,IL,B2C,2021-12-02,Active,1,65.0
CUST-0795,Jennifer Ramos,lindawaller@example.com,6403304166.0,South,MA,B2C,2024-03-10,Active,1,27.0
CUST-0871,Joseph Ayala,fwilcox@example.org,1539874113.0,East,AZ,B2C,2021-05-29,Inactive,0,63.0
CUST-0398,Lance Mccall,daniellegarcia@example.com,7326909738.0,East,OH,Guest,2025-03-28,Active,1,47.0
CUST-0767,Daniel Pennington,robinvillanueva@example.com,1560914985.0,West,NY,B2C,2023-03-12,Inactive,0,69.0
CUST-0902,Ashley Ferguson,,,West,,,2022-08-13,Churned,0,52.0
CUST-0218,Jason Marshall,catherine55@example.net,1259304078.0,Central,FL,Guest,2020-12-02,Active,1,67.0
CUST-0005,Renee Blair,dudleynicholas@example.net,1619283276.0,Central,FL,B2C,2023-05-03,Inactive,0,
CUST-0769,David Hansen,steelerichard@example.org,6405809351.0,North,NC,B2C,2021-03-30,Active,1,65.0
CUST-0643,Sylvia Stewart,whitemary@example.org,3102258030.0,East,OH,Guest,2025-12-28,Inactive,0,54.0
CUST-0952,Lisa Morales,henrysarah@example.com,1712294621.0,East,IL,B2C,2021-02-16,Churned,0,29.0
CUST-0613,Christopher Murillo,umahoney@example.net,3952569040.0,Central,NC,B2B,2024-09-14,Active,1,43.0
CUST-0739,Paige Roberts,gregorywilliams@example.com,6079311029.0,North,NC,B2B,2021-02-03,Active,1,48.0
CUST-0547,Dakota Sandoval,james98@example.net,5999219212.0,East,TN,B2C,2024-08-12,Active,1,59.0
CUST-0726,Leah Lee,erica25@example.net,1421145775.0,East,WA,B2C,2022-06-20,Active,1,37.0
CUST-0972,Donald Mason,andreakeller@example.net,1963425073.0,North,PA,B2C,2023-10-12,Active,1,26.0
CUST-0684,Emily Mcclain,james44@example.net,3577871121.0,West,CO,B2C,2020-08-07,Active,1,72.0
CUST-0099,Donald Shea,fwalters@example.org,1829148652.0,North,WA,B2C,2025-12-14,Active,1,64.0
CUST-0805,Pamela White,georgegary@example.com,4287056227.0,North,CA,B2C,2021-01-23,Active,1,
CUST-0728,Darlene Johnson,brownbrooke@example.org,1239653136.0,East,TN,B2C,2022-04-11,Active,1,32.0
CUST-0574,Greg Edwards,jennifer96@example.com,1863618637.0,East,MI,Guest,2021-01-06,Active,1,68.0
CUST-0407,Katherine Brown,pattersonkelly@example.net,5938525800.0,North,CA,B2C,2025-04-10,Active,1,25.0
CUST-0503,Roberto Bartlett,ohughes@example.com,4661085732.0,West,NC,B2C,2025-02-26,Active,1,37.0
CUST-0048,Diana May,ifrazier@example.com,1944431351.0,South,FL,B2B,2020-12-31,Active,1,21.0
CUST-0033,Steve Sanchez,harveyrobert@example.net,8936763201.0,West,FL,B2B,2023-11-05,Churned,0,64.0
CUST-0780,Shaun Meyer Dds,robert82@example.com,6134750988.0,Central,NC,B2C,2021-09-01,Active,1,69.0
CUST-0840,Jonathan Cain,garrett45@example.com,1505973642.0,Central,WA,B2B,2026-02-25,Active,1,40.0
CUST-0201,Mark Cox,stephaniethomas@example.net,5161799042.0,North,CA,B2C,2020-11-24,Inactive,0,69.0
CUST-0135,Mrs. Stephanie Newman,sandersjames@example.org,1784419866.0,South,IL,B2B,2021-04-03,Churned,0,57.0
CUST-0028,Matthew Fernandez,novaksara@example.org,6019655698.0,North,OH,Guest,2025-02-02,Active,1,25.0
CUST-0934,Debbie Romero,williamsdebra@example.org,9231112712.0,Central,PA,B2B,2020-12-02,Inactive,0,45.0
CUST-0231,Mikayla Silva,alexandriagriffith@example.com,3158693806.0,Central,OH,Guest,2025-05-01,Inactive,0,72.0
CUST-0490,Michele Holland,kimberlybrandt@example.com,1962639343.0,South,OH,B2C,2022-04-30,Active,1,66.0
CUST-0773,Elizabeth Mullins,kristinmiller@example.com,2978875439.0,East,TN,B2B,2023-03-30,Active,1,54.0
CUST-0379,Ronald Haas,jamesmorales@example.net,4727857608.0,East,MI,B2C,2021-06-11,Active,1,75.0
CUST-0289,Valerie Jacobson,hallrachel@example.net,3291428341.0,North,TN,B2B,2025-03-23,Active,1,35.0
CUST-0419,Donald Thomas,vwilliams@example.net,7651982530.0,Central,NY,B2C,2024-06-07,Active,1,69.0
CUST-0675,Christopher Murray,steven60@example.net,1542811390.0,South,NC,B2B,2025-11-25,Churned,0,72.0
CUST-0392,Alicia Woods,samantha32@example.com,9199758172.0,East,OH,B2B,2022-05-22,Active,1,44.0
CUST-0593,William Wright,gonzalezjill@example.org,7270171302.0,South,NY,B2B,2022-07-12,Active,1,26.0
CUST-0499,Matthew Flores,vaughangary@example.net,7915201777.0,East,MI,B2C,2020-10-13,Active,1,54.0
CUST-0139,Bonnie Howard,briannasmith@example.com,9240049915.0,East,GA,Guest,2026-01-12,Active,1,67.0
CUST-0063,Cynthia Rogers,taylorjesse@example.net,1875339636.0,East,AZ,B2C,2021-01-25,Churned,0,73.0
CUST-0472,Evelyn Saunders,xmoran@example.net,8965917135.0,West,NC,B2C,2022-04-22,Inactive,0,24.0
CUST-0648,Darrell Ortiz,schaeferstephanie@example.org,1674916247.0,East,IL,B2B,2021-07-31,Inactive,0,25.0
CUST-0129,Jacob Curry,brenda51@example.net,1598680002.0,West,NC,B2C,2024-12-22,Active,1,35.0
CUST-0014,,frazierdanny@example.net,9631165667.0,North,WA,B2C,2023-09-07,Active,1,74.0
CUST-0521,Krystal Brennan,jillwebb@example.com,2602908466.0,Central,MA,B2C,2021-12-07,Inactive,0,26.0
CUST-0839,Eugene Hudson,ashley71@example.net,3546602416.0,North,CO,B2B,2025-05-30,Active,1,39.0
CUST-0573,,kwelch@example.com,1566684590.0,North,TN,B2B,2021-08-23,Churned,0,53.0
CUST-0065,Lauren Dominguez,wwoods@example.com,4174596158.0,West,PA,B2C,2023-09-22,Churned,0,46.0
CUST-0813,Bryan King,turneralex@example.org,4037583094.0,East,TX,Guest,2025-06-15,Churned,0,66.0
CUST-0015,Gina Carter,shawnmckay@example.net,7133387262.0,East,GA,B2B,2022-09-05,Churned,0,64.0
CUST-0157,Kelsey Parker,randallgreene@example.org,1809320489.0,West,IL,B2B,2026-03-07,Active,1,58.0
CUST-0041,Jessica Smith,landryhannah@example.org,9193745299.0,North,CO,B2C,2024-03-02,Churned,0,20.0
CUST-0493,Linda Ayala,tracy98@example.com,6896465280.0,Central,NY,B2C,2021-09-19,Active,1,52.0
CUST-0380,Angela Willis,johnsoncaleb@example.net,7512405682.0,Central,MI,B2C,2025-10-09,Active,1,20.0
CUST-0188,Ashley Roberts,david36@example.net,6494812604.0,South,AZ,Guest,2025-08-03,Active,1,18.0
CUST-0764,Colleen Phillips,kristinelittle@example.net,8601864876.0,Central,AZ,B2C,2021-11-12,Active,1,73.0
CUST-0217,Karen Ballard,eevans@example.net,5838065787.0,East,TN,B2C,2025-11-14,Active,1,37.0
CUST-0922,Annette Holland,lori13@example.com,6090805120.0,Central,CA,B2B,2024-08-25,Active,1,68.0
CUST-0792,Samuel Rhodes,daughertypreston@example.com,9639283199.0,East,NY,B2C,2020-08-08,Active,1,49.0
CUST-0053,Cameron Fisher,lbyrd@example.net,3232812067.0,Central,GA,B2C,2026-05-05,Active,1,34.0
CUST-0879,Sherry Anderson,jennifer62@example.com,1939592323.0,South,TX,B2B,2024-08-08,Active,1,20.0
CUST-0338,Sarah Davis,sreid@example.com,1286209593.0,North,WA,Guest,2020-06-06,Inactive,0,66.0
CUST-0749,Gabriela Martinez,katherinejackson@example.com,3302056981.0,East,NY,B2C,2020-10-18,Churned,0,42.0
CUST-0720,Brittany Crawford,ptownsend@example.net,6181563268.0,West,NC,B2C,2025-06-23,Active,1,66.0
CUST-0725,Derek Garcia,rmurray@example.net,3209579073.0,West,TX,B2B,2022-09-23,Active,1,40.0
CUST-0296,Richard Moore,gstewart@example.org,3777392603.0,North,NY,B2C,2021-09-21,Active,1,50.0
CUST-0702,Lauren Carr Dds,melissabrown@example.net,9224029901.0,East,PA,B2C,2023-05-04,Active,1,65.0
CUST-0252,Stacy Carrillo,fowlershelia@example.com,6789856257.0,East,CO,B2B,2024-09-07,Churned,0,65.0
CUST-0727,Sandra Smith,foxgina@example.com,6589714802.0,West,MA,B2B,2020-07-01,Churned,0,59.0
CUST-0462,Karen Carroll,ywhite@example.com,7207167811.0,South,OH,B2C,2023-12-13,Active,1,23.0
CUST-0456,Brandon Hunt,conwaydawn@example.com,2760310890.0,West,TX,Guest,2024-08-12,Active,1,19.0
CUST-0271,Tracy Grant,paulscott@example.com,1533945228.0,East,AZ,B2B,2020-11-25,Active,1,37.0
CUST-0816,Michelle Brandt,rachelmedina@example.net,2518439055.0,South,TN,Guest,2020-07-12,Inactive,0,62.0
CUST-0863,Tammy Cook,gmcdowell@example.org,3371717318.0,Central,FL,B2C,2024-06-01,Active,1,44.0
CUST-0270,Joshua Allen,kevinzimmerman@example.com,5465472269.0,Central,IL,B2C,2023-08-12,Active,1,36.0
CUST-0202,Amanda Jones,michael90@example.net,7884252410.0,East,CO,B2C,2026-03-06,Active,1,69.0
CUST-0162,Dana Chapman,fosterkyle@example.com,5341016668.0,West,CA,B2C,2024-02-15,Inactive,0,74.0
CUST-0556,Timothy Woods,jeffery94@example.org,8854982274.0,Central,PA,B2C,2023-04-27,Churned,0,31.0
CUST-0730,Cathy Rodriguez,jonowens@example.org,9954107272.0,Central,IL,B2C,2025-03-23,Inactive,0,30.0
CUST-0402,John Shields,franciscojones@example.org,1247128144.0,Central,IL,B2C,2023-08-09,Active,1,24.0
CUST-0703,Justin Irwin,callahanmichelle@example.org,6139080882.0,South,MA,B2C,2020-11-11,Churned,0,47.0
CUST-0477,Brandy Porter,tranryan@example.net,6665136442.0,East,WA,B2C,2025-06-03,Active,1,74.0
CUST-0822,Stephanie Lang,harry71@example.com,8289365435.0,Central,NC,B2C,2022-01-06,Inactive,0,43.0
CUST-0772,Seth Sims,daltonchad@example.net,1890261139.0,Central,WA,B2C,2023-11-10,Active,1,22.0
CUST-0106,Brittany Cantu,william46@example.com,5289861434.0,North,CA,B2B,2021-05-29,Active,1,41.0
CUST-0566,Brett Nelson,angelachase@example.org,5373634669.0,South,TN,B2C,2026-03-31,Active,1,33.0
CUST-0390,Kevin Warner,stacey92@example.net,1481615814.0,West,OH,B2C,2026-05-06,Active,1,59.0
CUST-0002,Amanda Davis,williamjohnson@example.org,5863794026.0,East,IL,B2B,2021-02-24,Churned,0,63.0
CUST-0995,Clinton Fritz,alejandro50@example.net,3904823571.0,East,AZ,B2C,2023-08-10,Active,1,18.0
CUST-0317,,jacobsandoval@example.com,5143866322.0,West,CO,B2B,2025-03-04,Active,1,71.0
CUST-0562,Scott Parsons,sbray@example.net,5473552896.0,North,TX,B2B,2024-09-07,Churned,0,70.0
CUST-0932,Emily Peterson,andrewzamora@example.net,7263560229.0,South,MI,B2C,2021-03-14,Churned,0,35.0
CUST-0081,Kyle Beard,blackjames@example.org,1207661771.0,East,MI,B2B,2023-04-22,Active,1,68.0
CUST-0206,Jodi Roach,zosborn@example.net,3744518705.0,South,IL,B2C,2021-07-25,Active,1,75.0
CUST-0035,Eugene Walton,smithchristine@example.net,9743487347.0,North,AZ,B2C,2025-11-25,Active,1,
CUST-0943,Christian Watson,kevin70@example.org,1276836253.0,West,TN,B2C,2022-11-15,Inactive,0,19.0
CUST-0776,Brian Mendoza,karenhodges@example.com,8829732702.0,North,OH,B2C,2023-04-05,Active,1,33.0
CUST-0509,Theresa Torres,jason82@example.org,5723683147.0,South,GA,B2C,2023-10-06,Active,1,43.0
CUST-0428,Scott Chan,mercedesholland@example.net,1377625349.0,Central,TN,B2B,2023-09-13,Churned,0,70.0
CUST-0455,Erin Smith,meadowsmary@example.net,1601322342.0,South,TX,B2C,2026-04-07,Inactive,0,44.0
CUST-0706,,jonesalfred@example.net,9694591966.0,South,MI,B2C,2021-09-21,Churned,0,75.0
CUST-0367,Justin Torres,stevenvargas@example.com,3298266570.0,South,GA,B2C,2023-07-20,Inactive,0,71.0
CUST-0092,Matthew Moore,andreamoore@example.com,1813696816.0,East,FL,B2C,2025-09-24,Active,1,26.0
CUST-0340,Bianca Phelps,patricia00@example.org,2317310967.0,Central,MI,B2C,2023-04-14,Active,1,40.0
CUST-0898,Andrew Rodriguez,dgutierrez@example.net,6843991062.0,South,GA,B2C,2025-02-04,Inactive,0,69.0
CUST-0565,Mr. Michael Watson Phd,shannon92@example.net,1925587774.0,West,WA,Guest,2021-12-22,Active,1,50.0
CUST-0346,Nicholas Garcia,michael42@example.com,1688899210.0,East,NY,B2B,2022-05-11,Active,1,66.0
CUST-0777,Kathy Henderson,brownmichael@example.com,3206021288.0,West,TN,B2C,2023-05-30,Active,1,75.0
CUST-0242,Shirley Alvarez,katelynmitchell@example.com,4290349446.0,West,MA,B2C,2023-11-15,Active,1,61.0
CUST-0014,Zachary Rice,frazierdanny@example.net,9631165667.0,North,WA,B2C,2023-09-07,Active,1,27.0
CUST-0316,Megan Martin,zacharyarnold@example.com,9955276365.0,East,MA,B2C,2023-04-30,Active,1,69.0
CUST-0601,Mr. Edward Terry,ashleystephens@example.com,4644886946.0,North,TX,B2C,2020-09-29,Inactive,0,57.0
CUST-0388,Dr. Ariel Sandoval Md,gallagherstacie@example.net,4171747733.0,South,MA,Guest,2025-05-18,Active,1,60.0
CUST-0274,Alexis Giles,burgesskaren@example.org,8384066658.0,North,CA,B2C,2022-12-27,Active,1,53.0
CUST-0167,Mark Hogan,bellcharles@example.com,1314262655.0,North,CA,Guest,2020-12-28,Active,1,54.0
CUST-0841,Ryan Cobb Phd,karlwilliams@example.net,6406306244.0,West,MI,B2C,2022-02-15,Active,1,48.0
CUST-0021,Jennifer Powers,samuel87@example.org,1713542784.0,Central,CA,B2C,2022-02-13,Active,1,38.0
CUST-0647,Lisa Joseph,jack67@example.com,2414545635.0,North,NY,B2B,2021-07-20,Active,1,63.0
CUST-0819,William Martinez,stonetyler@example.com,3259020357.0,North,TN,B2C,2023-11-17,Active,1,55.0
CUST-0485,Anthony Brown,karen24@example.net,8124815698.0,East,GA,B2C,2020-08-16,Inactive,0,32.0
CUST-0278,,,,West,,,2021-08-26,Churned,0,28.0
CUST-0505,Ryan Howard,robertsgina@example.net,3866179454.0,Central,TX,B2C,2025-05-23,Active,1,60.0
CUST-0832,Chad Baldwin Md,carrolltracy@example.net,8262446704.0,West,NY,B2B,2021-10-21,Inactive,0,57.0
CUST-0244,Ryan Peck,osbornrandy@example.com,1744432830.0,West,WA,B2C,2021-11-24,Active,1,23.0
CUST-0567,Nancy Kennedy,thompsonvictor@example.net,3478539078.0,Central,PA,B2C,2021-08-26,Active,1,44.0
CUST-0876,James Henderson,charles80@example.org,7874951191.0,Central,CO,B2B,2026-04-02,Active,1,31.0
CUST-0563,Adam Craig,ucarpenter@example.com,8559630993.0,Central,IL,B2C,2024-04-28,Active,1,73.0
CUST-0243,,amandasharp@example.org,8910858994.0,East,WA,B2B,2025-11-26,Active,1,44.0
CUST-0687,Louis Morgan,bwilliams@example.com,8147683420.0,North,TN,Guest,2021-11-13,Active,1,49.0
CUST-0958,Allen Schultz,adamstabitha@example.net,2591297519.0,North,CA,B2C,2023-11-15,Active,1,64.0
CUST-0190,Aaron Gomez,qlopez@example.org,1959017518.0,South,OH,B2C,2021-08-19,Active,1,32.0
CUST-0783,Carlos Clarke,kristinaperez@example.com,2883070534.0,Central,OH,B2C,2024-04-21,Active,1,60.0
CUST-0976,Zachary Hill,hsimpson@example.org,2105875256.0,Central,CA,B2C,2023-02-27,Active,1,64.0
CUST-0700,Nicole Guerrero,yschmidt@example.net,2412091179.0,North,TX,B2B,2025-10-27,Active,1,71.0
CUST-0476,Jason House,bartonshannon@example.net,4973748969.0,North,NC,B2B,2023-04-14,Active,1,38.0
CUST-0682,Christine Johnson Md,smithsarah@example.net,4758955168.0,West,IL,Guest,2026-03-02,Churned,0,73.0
CUST-0511,Joshua Roberts,kingjames@example.net,9998407678.0,Central,AZ,B2C,2025-01-29,Inactive,0,
CUST-0059,Robert Dominguez,pwilliams@example.org,2385977034.0,Central,NY,Guest,2024-01-10,Active,1,60.0
CUST-0475,Craig Martinez,ylewis@example.org,1668536649.0,West,WA,B2C,2021-04-27,Active,1,39.0
CUST-0561,Bethany Fox,imendoza@example.org,4583230241.0,North,MA,B2C,2022-04-20,Active,1,65.0
CUST-0857,Melissa Rodriguez,pwells@example.com,6643039429.0,North,IL,B2C,2024-07-31,Active,1,32.0
CUST-0748,Bryan Sutton,marcoconnell@example.org,5347743326.0,Central,CO,B2C,2026-03-07,Active,1,49.0
CUST-0253,Tyler Mendoza,madkins@example.com,5323098215.0,North,OH,Guest,2025-08-21,Active,1,64.0
CUST-0022,George Chapman,briannasmith@example.net,6118244935.0,South,WA,B2C,2022-07-09,Active,1,55.0
CUST-0460,James Bryant,evaughn@example.com,5615171827.0,East,AZ,B2C,2021-12-19,Inactive,0,29.0
CUST-0277,Erica Harris,robert93@example.net,6798515832.0,Central,TX,B2C,2024-05-27,Active,1,22.0
CUST-0956,Deanna David,williamsjohn@example.net,7254837441.0,West,TN,B2C,2023-12-03,Inactive,0,65.0
CUST-0386,Kari Durham,paul20@example.com,1521495870.0,North,GA,Guest,2024-06-28,Active,1,40.0
CUST-0806,Melinda Turner,cody95@example.org,9510979215.0,Central,TN,B2B,2023-02-06,Active,1,48.0
CUST-0344,April Woods,brittneystone@example.com,7855665939.0,Central,FL,B2C,2021-03-09,Active,1,42.0
CUST-0770,David Duarte,castillokevin@example.net,7956164205.0,Central,CO,B2C,2021-07-16,Churned,0,43.0
CUST-0131,Elizabeth Ortiz,brandonjohnson@example.com,7169409749.0,Central,FL,B2C,2024-05-11,Active,1,43.0
CUST-0872,Cheryl Atkins,keith76@example.org,8734996010.0,East,IL,B2C,2022-04-27,Active,1,26.0
CUST-0088,Julie Alexander,tammyking@example.com,3476797643.0,Central,TX,B2C,2020-07-07,Active,1,39.0
CUST-0331,Angie Grimes,rowejoel@example.net,8475705120.0,East,CO,B2C,2023-05-17,Active,1,28.0
CUST-0467,Sheila Jones,vflores@example.com,9567700284.0,South,GA,B2C,2024-05-27,Active,1,56.0
CUST-0122,William Barrett,alan09@example.net,1201094396.0,North,GA,Guest,2026-05-11,Active,1,39.0
CUST-0861,Timothy Sherman,jason27@example.net,9983342337.0,South,CA,Guest,2022-08-01,Active,1,31.0
