cust_id,full_name,email,phone,region,state,segment,join_date,status,is_active,customer_age
CUST-137,Matthew Rich,,,Central,,,01-Mar-2025,Inactive,False,30
CUST-629,Nicholas Grant,leescott@example.com,+18093141818,West,TX,B2C,2023-07-08,Active,YES,63
CUST-185,Emily Collins,,,Central,TX,B2C,2025-02-25,Active,True,34
CUST-032,Michael Edwards,randy47@example.com,348-951-3433,South,CA,B2B,21-Apr-2022,Churned,NO,999
CUST-678,Heather Callahan,youngjacqueline@example.com,2422711332,South,NC,B2C,2024-08-16,Inactive,0,31
CUST-937,Roberto Foster,,,East,GA,,29-Aug-2021,Active,YES,40
CUST-290,Travis Cook,,,East,,,17-Jan-2021,Inactive,NO,29
CUST-328,Bonnie Santos,,,South,,,2021-08-14,Churned,NO,999
CUST-492,Robert Phelps,enewman@example.com,6118005375,Central,WA,Guest,27-Jul-2021,Active,1,66
CUST-395,Jeremiah Baker,anne21@example.org,(208) 514-0369,West,WA,B2C,2021-07-10,Active,True,18
CUST-667,Susan Myers,kristina57@example.com,7236687887,Central,NC,B2C,28-Jul-2025,Active,1,42
CUST-546,Nancy Kennedy,thompsonvictor@example.net,950-479-3036,North,MA,B2C,07/31/2021,Active,YES,29
CUST-870,Mrs. Megan Hamilton,smithdarryl@example.org,8527403344,East,CA,B2C,11/15/2020,Inactive,0,46
CUST-762,Michael Wilson,,,West,,,2023-04-12,Active,1,24
CUST-257,Travis Hobbs,,,North,TN,,03/17/2022,Active,1,36
CUST-077,Peter Vaughn DDS,,,South,,,22-Sep-2024,Churned,False,62
CUST-774,Barbara Hunt,brucefrancisco@example.org,+19513765158,Central,TX,Guest,04/06/2023,Inactive,NO,74
CUST-851,Mallory Gonzales,edgarhall@example.org,5973278195,South,FL,B2C,2023-09-28,Churned,NO,62
CUST-332,Brandon Shaffer,edwardsnicole@example.org,660-136-7303,West,AZ,B2C,04/10/2023,Active,1,51
CUST-630,Christopher Phillips,vaughnrebecca@example.com,+14340163611,South,NC,B2C,2025-01-17,Active,True,20
CUST-969,Amanda Robinson,shannonyoung@example.org,655-259-7107,East,OH,B2B,07-Dec-2025,Churned,False,46
CUST-812,Tina Robbins,,,Central,,,26-Mar-2025,Churned,False,64
CUST-378,Carlos Love,brian29@example.net,+13556990235,East,TN,B2C,11/30/2025,Churned,NO,30
CUST-723,Timothy Williams,moodycrystal@example.com,8134732354,Central,IL,B2C,2023-09-23,Active,YES,55
CUST-623,Crystal Hall,howardhailey@example.com,268-887-1898,North,CO,B2C,2022-01-02,Churned,NO,59
CUST-430,Danielle Steele,larry16@example.net,260-078-0686,West,CO,B2C,19-Jun-2024,Inactive,False,36
CUST-917,Kelly Christensen,martinezsharon@example.org,(921) 514-9409,West,OH,B2C,2024-12-13,Churned,False,18
CUST-087,Brad Allen,,,Central,TX,Guest,02/28/2024,Active,1,74
CUST-319,Robin Trujillo,,,North,,,2024-02-07,Churned,NO,34
CUST-591,Jacob Duran,,,East,,,2026-05-10,Active,1,36
CUST-175,James Hughes,,,North,,,23-Nov-2022,Inactive,NO,37
CUST-209,James Hodges,floressteven@example.com,857-191-8261,Central,MI,B2B,02-May-2026,Inactive,False,19
CUST-520,Robert Ortiz,mooredenise@example.com,866-785-0720,Central,TX,B2B,08/28/2022,Active,True,21
CUST-971,Crystal Williams,ronald76@example.com,905-816-2951,Central,GA,B2C,2022-03-05,Churned,NO,57
CUST-954,Kelly Sandoval,brianhunter@example.net,+12344765047,North,PA,B2C,02/25/2022,Active,1,28
CUST-114,Laura Haney,andrew64@example.org,(858) 202-9702,North,FL,B2C,10/29/2021,Active,YES,24
CUST-440,Sara Caldwell,,,East,,,08-Jun-2024,Active,YES,70
C555,Angela Jackson,,,South,FL,,18-Jan-2026,Active,True,48
CUST-540,Dr. Sheila Henry,raymond92@example.org,438-687-0079,East,WA,Guest,2023-05-12,Active,YES,75
CUST-060,Gary Owens,,,South,,,09/08/2021,Active,YES,43
CUST-549,Alejandro Martinez,,,North,,,2025-12-30,Active,True,62
CUST-695,Robert Williams,tross@example.com,(966) 053-8444,East,MA,Guest,2020-09-24,Churned,NO,47
C690,Dorothy Mclaughlin,mitchellchristopher@example.net,9910336829,West,FL,B2C,11/04/2023,Churned,False,45
CUST-200,Patricia Morrow,martinezlogan@example.org,+16183285691,East,AZ,B2C,09/19/2024,Churned,NO,22
CUST-779,Daniel Lopez,butlersabrina@example.org,9229812099,East,WA,B2C,2021-01-07,Active,1,34
C735,Derrick Rogers,schwartzbrian@example.org,812-875-8575,West,GA,B2C,2021-07-27,Active,YES,48
CUST-443,Matthew Murphy,rfriedman@example.net,3702814069,South,GA,B2C,2020-06-18,Active,True,35
C517,Todd Olson,zbell@example.net,+13077119918,North,NC,B2B,08/04/2024,Active,True,39
CUST-948,Elizabeth James,,,South,,,21-Jun-2024,Active,1,19
CUST-281,Brent Hall,,,North,,,17-Nov-2024,Active,YES,72
CUST-322,Katherine Ray,courtney67@example.org,9598762202,South,WA,B2C,2024-12-22,Inactive,0,57
CUST-050,Roy Torres,russellcarpenter@example.net,910-947-7752,North,IL,Guest,27-Oct-2023,Active,True,71
CUST-888,Samantha Williams,jacksondavid@example.org,(317) 768-7290,East,GA,B2C,2025-02-05,Churned,0,74
CUST-110,Charles Schmidt,georgemiller@example.com,9221704303,North,PA,Guest,02-Mar-2022,Active,YES,57
CUST-981,Troy Rivera,nbaird@example.com,(881) 039-0339,West,CA,B2C,09-Dec-2025,Active,YES,74
CUST-427,ANTHONY HAYES,kathleenjackson@example.org,926-527-3543,East,NY,B2B,29-Apr-2026,Active,1,62
CUST-409,SHERRY JOHNSON,nancygonzalez@example.org,(469) 212-4471,West,TN,Guest,03/21/2021,Inactive,0,23
CUST-962,Jamie Cobb,morganjason@example.com,7380442101,West,PA,Guest,2020-07-13,Active,1,31
CUST-011,David Hoffman,,,West,,,02/27/2023,Active,YES,24
CUST-502,Mary Faulkner,ccrosby@example.org,+14515837767,East,MI,B2C,24-Jun-2021,Active,True,52
CUST-524,Melinda Williams,aoconnell@example.org,+14008943468,North,AZ,B2B,18-Mar-2025,Active,YES,55
CUST-662,Kirsten Nelson,audrey21@example.com,+13001841862,North,TN,B2B,07-Jan-2021,Active,YES,25
CUST-071,Jeffrey Wood,,,North,,,06-Feb-2025,Inactive,False,45
CUST-0061,SPENCER JOHNSTON,wsmith@example.com,(474) 846-7737,Central,NY,B2C,30-Jan-2026,Churned,NO,31
CUST-627,Lisa Holloway,,,East,,,12/21/2022,Active,1,33
C262,Chelsea Gill,,,South,,,09-Jan-2024,Churned,0,75
CUST-362,Lindsey Lewis,eddie35@example.com,+15933051728,Central,GA,B2C,25-Mar-2022,Active,YES,65
CUST-399,Daniel Lee,hendersonvanessa@example.com,(951) 971-2847,Central,TX,B2C,02/06/2026,Active,True,23
CUST-343,Maria Collins,pblair@example.org,819-576-1228,West,NC,B2C,25-Dec-2024,Active,YES,72
CUST-437,Mercedes Barnes,,,South,,,2023-07-12,Active,1,26
CUST-531,Jared Smith,richardrodriguez@example.org,+14701851067,Central,IL,B2C,03/09/2026,Churned,NO,69
CUST-333,Shelly May,caseyelliott@example.net,845-208-8147,East,FL,B2C,2022-09-13,Active,1,70
CUST-140,Anthony Frye,,,East,,,08/22/2022,Inactive,0,64
CUST-882,Sandra Nunez,laura29@example.org,(489) 812-3179,East,AZ,Guest,09/03/2024,Active,1,55
CUST-760,Brittney Cordova,deborah47@example.com,+15845881056,Central,GA,B2C,03-Feb-2026,Active,True,34
CUST-313,Kathleen Cohen,,,Central,,,10-Mar-2026,Active,1,40
CUST-925,Beth Carroll,,,East,,,2024-12-25,Active,YES,39
CUST-142,John Boone,megan51@example.com,654-990-4530,North,GA,B2C,2023-06-14,Active,True,20
C300,KRISTIN WATTS,,,East,,,26-Sep-2021,Active,1,56
CUST-777,FRANK STEWART,joseph51@example.net,3206021288,West,TN,B2C,31-Dec-2023,Active,True,63
CUST-718,Terry Montgomery,jacquelineanderson@example.org,+19281235679,Central,FL,B2C,2023-05-04,Active,YES,48
CUST-949,Jody Marshall,nhobbs@example.org,(797) 752-4418,South,TN,Guest,2025-02-17,Active,YES,60
C89,Mary Peck,,,South,,,17-Feb-2025,Active,True,27
CUST-843,Jerry Wright,emiller@example.org,2555572773,Central,AZ,B2B,06-Apr-2026,Active,YES,33
CUST-306,Christina Vargas,nsmith@example.org,6902770384,South,CA,B2C,2020-07-30,Active,1,57
CUST-102,Debra Smith,,,West,,,2022-06-12,Inactive,False,20
CUST-311,John Medina,angelaburns@example.org,(634) 165-1827,East,PA,B2B,08-Nov-2023,Active,YES,68
CUST-860,Jennifer Smith,,,Central,,,05-Nov-2021,Active,1,20
CUST-452,Mason Powell,,,East,,,15-Sep-2020,Active,YES,999
CUST-097,Sean Murray,,,South,,,2025-05-10,Active,1,35
CUST-815,Kelli Lopez,vlewis@example.com,4781050922,South,TX,B2C,2025-09-09,Inactive,NO,34
CUST-793,Megan Sanders,wilsonralph@example.net,(355) 810-8358,South,NY,B2C,2020-06-25,Active,1,51
CUST-031,Lauren Williams,,,Central,,,2026-01-20,Churned,NO,60
CUST-159,Ronald Jones,gilbertwilliam@example.com,(210) 062-3120,South,NC,B2C,12-Feb-2023,Active,1,22
CUST-689,Thomas Curry,bryan79@example.org,455-027-2751,West,IL,B2C,02/20/2022,Active,YES,35
CUST-055,David Charles,,,Central,,,07/07/2023,Active,True,29
CUST-024,Megan Joyce,,,East,,,03/17/2023,Inactive,0,63
CUST-612,Sharon Smith,yhall@example.net,(766) 863-3414,North,TX,B2B,08-Jul-2025,Inactive,0,25
CUST-740,John Mack,simmonsphillip@example.net,9601467238,East,MA,B2C,04/15/2026,Active,1,32
CUST-645,Emily Fox,,,South,TX,,16-Feb-2022,Active,1,59
CUST-634,Monica Hester,nicholasjames@example.org,+13465111312,Central,CA,B2B,30-Nov-2020,Active,True,20
CUST-602,Kenneth Williams,,,West,,,03/13/2021,Active,1,72
CUST-179,Taylor Carlson,chenbailey@example.net,482-586-7362,South,WA,B2C,23-Feb-2023,Active,YES,20
CUST-004,Tyler Rogers,jamesmichael@example.com,+15103413164,West,WA,B2C,12-Jun-2022,Active,YES,20
C278,Benjamin Frost,,,West,,,04/05/2023,Churned,0,27
CUST-594,Ethan Ingram,samantha88@example.net,367-423-3629,South,IL,B2C,04/24/2026,Active,YES,43
CUST-293,Richard Diaz,,,Central,,,2022-05-12,Inactive,False,46
CUST-299,Paul Sheppard,grodriguez@example.com,(862) 103-8862,Central,TX,B2B,06/21/2024,Churned,0,67
CUST-817,Joel Allen,,,South,GA,B2B,06-Oct-2020,Active,True,69
CUST-874,Rachel Lee,kayla27@example.com,+16021557325,West,FL,B2C,08-Jan-2023,Active,1,65
CUST-232,Victor Morris,velezchristopher@example.net,5741608989,Central,NY,B2B,09-Apr-2023,Inactive,False,33
CUST-211,Cheryl Moore,,,East,,,01/03/2026,Active,1,73
CUST-459,Cheryl Morgan,owilliams@example.net,213-875-9271,South,MA,B2C,12-Sep-2021,Active,1,38
CUST-924,David Mercado,angela91@example.org,+14728270908,North,CO,Guest,24-Apr-2023,Churned,NO,74
CUST-933,Angela Johnson,wchambers@example.com,6346066643,West,IL,B2C,16-Feb-2025,Active,YES,18
CUST-914,ANN WEBER,zhughes@example.com,8964546553,East,NC,B2C,04/19/2021,Churned,NO,63
CUST-406,Michael Garcia PhD,kevinmanning@example.com,+18580185694,East,IL,B2C,2022-02-01,Active,YES,67
CUST-064,Leslie Alvarado,,,Central,,,2023-08-11,Inactive,NO,38
CUST-320,Donna Adams,,,East,,,07-May-2022,Active,True,64
CUST-469,Elizabeth Molina,howardshaun@example.net,7450090255,Central,CA,B2C,10-Jun-2025,Active,YES,24
CUST-441,David Hall,joseph01@example.org,255-257-8284,North,TN,B2B,09/30/2024,Churned,False,42
CUST-101,Juan Reyes,michellehill@example.com,(792) 962-2292,West,CA,B2C,15-Apr-2026,Inactive,0,44
CUST-337,Nicole Phillips,bowerslaura@example.org,4855749821,Central,NY,B2C,07/06/2023,Inactive,NO,48
CUST-451,Sheila Jones,vflores@example.com,+12456504481,Central,FL,B2C,07/01/2025,Active,True,49
CUST-409,Sherry Johnson,nancygonzalez@example.org,(469) 212-4471,West,TN,Guest,03/21/2021,Inactive,NO,26
CUST-108,Joshua Williamson II,,,West,,,09/24/2025,Active,1,39
CUST-169,Christopher Guerra,,,West,NY,,2021-03-11,Active,YES,38
CUST-040,Andrew Diaz,,,South,,,2023-09-21,Active,YES,59
CUST-199,Kristen Salazar,,,North,,,2022-08-14,Active,1,21
CUST-238,Angie Caldwell,,9850821486,South,CO,Guest,14-May-2025,Churned,0,52
CUST-576,Lori Brown DDS,martinezjesse@example.net,370-580-2566,South,TX,B2B,2025-12-28,Active,True,67
CUST-193,Christian Cole,nathan19@example.org,(636) 110-3712,Central,FL,B2C,2026-02-07,Active,True,70
CUST-705,Destiny Brown,dcook@example.com,8342346199,East,NY,B2C,2021-12-13,Churned,False,36
CUST-724,John Smith,saramann@example.net,6325122572,North,WA,B2C,26-Jan-2025,Active,YES,47
CUST-067,Alex Hernandez,,,South,,,2026-02-07,Active,True,70
CUST-068,Jacob Obrien,,,West,,,13-Mar-2023,Active,YES,38
CUST-921,Meghan Brown,howard04@example.com,+14647124633,East,WA,B2C,2021-05-01,Active,YES,31
CUST-498,Angela Jones,atkinsoncrystal@example.net,+15908926137,North,TN,B2C,26-Dec-2021,Active,1,53
CUST-214,Holly Morales,michaelroberts@example.com,851-994-1013,West,CO,B2B,10/08/2024,Churned,NO,67
CUST-831,Sherry Wang,rmccormick@example.org,758-099-6132,West,FL,B2B,2025-11-25,Active,1,48
CUST-835,David Reeves,melaniejennings@example.com,812-059-4389,West,OH,B2B,2023-11-11,Active,True,33
CUST-650,Roy Nielsen,zhendricks@example.org,(537) 118-9547,South,NC,B2C,05/25/2025,Active,1,62
CUST-351,Roger Duncan,shawrachel@example.org,(822) 783-7693,Central,MI,Guest,2025-11-25,Active,True,67
CUST-862,Brendan Richardson,tracymcclure@example.com,+15128403339,Central,GA,B2C,01/10/2024,Active,1,47
CUST-603,Pamela Castillo,tonypearson@example.org,4522372817,Central,MA,B2B,01/05/2023,Active,1,74
CUST-559,Travis Ryan,owelch@example.net,537-933-7563,West,NY,B2C,09/12/2023,Active,True,26
CUST-878,Susan Dillon,jenniferrice@example.com,8940960035,West,NY,B2C,10/02/2024,Active,YES,24
CUST-788,Jonathan Zimmerman,,,West,,,30-Dec-2020,Active,YES,69
CUST-931,DANIEL HALEY,allen20@example.net,713-739-9006,South,TN,B2C,05/18/2024,Churned,0,45
CUST-746,Tony Leonard,rodriguezmichael@example.net,(431) 177-5331,South,AZ,Guest,26-Oct-2024,Inactive,0,33
CUST-309,Lisa Cervantes,samantha91@example.net,(384) 518-4894,West,OH,B2C,29-Jun-2022,Inactive,False,23
CUST-707,Jessica Mendez,gainesjennifer@example.org,(408) 496-4985,West,CA,B2B,2021-01-20,Inactive,0,999
CUST-405,Tammie Prince,morganlaura@example.com,(967) 478-3667,East,NY,B2C,10/30/2021,Active,True,53
CUST-003,Kevin Pacheco,blakeerik@example.com,+13615594078,North,TN,B2C,09/04/2023,Active,YES,27
CUST-431,Rodney Evans,stephen89@example.net,5180632543,North,CA,B2C,2023-12-09,Active,1,20
CUST-545,Melissa Olsen,linda86@example.com,(953) 703-0453,North,MA,B2C,11/01/2023,Active,YES,28
CUST-771,Rick Moore,stephanie71@example.net,+16902504290,North,MI,B2B,2024-11-04,Active,YES,19
CUST-345,Chad Smith,hbenton@example.net,+19760049082,East,CA,B2C,2021-06-17,Active,YES,68
CUST-980,Michael Powell,mark09@example.org,203-322-8556,West,CA,B2C,2022-06-11,Active,True,66
CUST-987,Teresa Matthews,,,East,,,04/03/2023,Active,True,27
CUST-785,Cathy Bell,thomasjulie@example.com,(485) 478-1506,North,TN,B2C,2021-08-21,Active,1,72
CUST-484,Mitchell Johnson,brownlaura@example.net,+13343275604,North,MA,B2C,2024-07-09,Active,YES,23
CUST-916,Ellen Brewer,leechristine@example.net,690-797-7961,South,CA,B2C,2024-03-09,Active,1,64
CUST-358,Keith Graham,joelgreen@example.com,(754) 384-0460,Central,IL,B2B,2025-04-29,Active,True,58
CUST-558,Matthew Dalton,michelle78@example.com,7995946521,West,TN,B2C,09-Jun-2025,Active,YES,999
CUST-586,Jennifer Wood,colonjoseph@example.org,(513) 122-0681,East,PA,B2C,2023-10-03,Active,True,60
CUST-722,Gabriela Martinez,katherinejackson@example.com,(513) 100-9431,Central,TX,B2C,28-Dec-2024,Churned,0,22
CUST-965,Tammy Hines,melissaphillips@example.org,9722660256,South,OH,B2C,2022-12-25,Active,True,36
CUST-881,Gina Guzman,sanderson@example.net,+14716073607,West,OH,B2B,09/21/2021,Inactive,NO,18
CUST-219,Karen Smith,,,East,,,2023-05-06,Inactive,False,56
CUST-360,Ashley Garcia,aowens@example.org,498-324-8262,Central,TN,B2B,03/22/2021,Active,YES,67
C754,Gabriella Lane,,,North,,,06/01/2025,Churned,False,27
CUST-548,Ryan Davis,jordan58@example.net,+12894870605,West,MA,Guest,09/12/2021,Active,True,54
CUST-248,Steven Andersen,ajohnson@example.org,(373) 816-8460,South,NY,Guest,27-Aug-2023,Active,YES,48
CUST-768,Briana Turner,carl96@example.org,+14322903102,Central,MA,B2C,2025-06-02,Active,True,37
CUST-903,Dr. Virginia Cunningham,,,West,,,15-Feb-2023,Active,YES,65
CUST-307,Rebecca Ray,michaelgonzalez@example.org,405-302-1465,West,OH,B2C,28-Jan-2022,Active,True,35
CUST-107,Marie Christian,ofinley@example.net,3798089324,West,CA,B2C,06/09/2022,Active,YES,63
CUST-988,Lisa Wright,renee77@example.com,931-072-0113,West,MA,Guest,2023-01-30,Inactive,0,62
CUST-056,Emily Fischer,usalazar@example.net,(794) 013-9904,Central,CA,B2C,2023-08-05,Active,1,70
CUST-121,Alexis Herrera,vrichardson@example.net,+16384249818,South,MI,Guest,08/07/2022,Active,True,27
CUST-801,Jerry Farrell,,(804) 387-8753,East,GA,B2C,2025-09-08,Active,YES,53
CUST-026,Kimberly Smith,housemelinda@example.org,+15421607337,East,IL,B2C,2020-12-28,Churned,0,45
C73,Kimberly Webb,lpetersen@example.com,885-160-4817,East,WA,B2C,01/10/2022,Active,YES,38
CUST-210,Anthony Dougherty,,,South,,,02/07/2023,Active,True,50
CUST-045,Martin Ross,sheila14@example.org,+15799650752,West,FL,B2C,2026-03-17,Active,YES,30
CUST-315,Patricia Simpson,armstrongjoseph@example.net,9500369155,Central,MA,B2C,02/02/2025,Active,YES,42
CUST-867,Brandon Guerrero,,,East,,,01/18/2021,Active,1,24
CUST-654,Bruce Patton,janet50@example.com,6434481230,Central,FL,B2C,15-Jan-2024,Active,YES,39
CUST-329,Jacob Mckee,,,West,,,2024-05-01,Active,1,27
CUST-926,Jacqueline Galloway,amandahenderson@example.net,3815352373,West,CA,B2C,2021-08-16,Churned,False,24
CUST-352,Amber Morales,,,South,PA,,09/29/2021,Inactive,NO,69
CUST-957,Susan Crawford,fowlerheather@example.com,+13021312512,Central,CO,B2B,12-Jan-2021,Active,1,20
CUST-636,Tonya Roberts,,,South,TX,,03-Apr-2022,Active,True,22
CUST-715,Maria Porter,,,West,,,2022-09-27,Active,True,45
C371,Heather Stephens,,,South,,,05/05/2026,Active,True,53
CUST-686,Steve Davis,qmccoy@example.net,(805) 673-0306,East,IL,B2C,13-Mar-2023,Active,True,33
CUST-811,Sara Herrera,joseph49@example.com,+17819324268,West,GA,B2C,28-Jun-2025,Active,True,37
C539,Lisa Duran,charlesnathan@example.com,689-138-2496,West,TX,B2C,06/17/2024,Active,YES,53
CUST-615,Mario Young,lisa46@example.org,929-420-9548,North,IL,Guest,2022-06-27,Inactive,False,30
CUST-465,Melissa Morse,tinasantos@example.org,301-702-6952,East,MI,B2C,08/30/2021,Inactive,False,51
CUST-999,Robin Davidson,,,East,,,02-Aug-2024,Inactive,0,52
CUST-363,Debbie Ewing,cranemelissa@example.net,9223306046,South,AZ,B2C,2023-06-27,Active,1,62
CUST-544,Jason Goodwin,,,West,,,05-Jul-2021,Inactive,NO,39
CUST-618,Erin Daniels,,,West,,,03/25/2026,Active,True,62
CUST-061,Spencer Johnston,wsmith@example.com,(474) 846-7737,Central,NY,B2C,30-Jan-2026,Churned,NO,68
CUST-842,Diane Byrd MD,bsparks@example.com,(505) 319-4979,West,WA,B2C,01/03/2024,Active,True,66
CUST-0025,JERRY HENDERSON,steven17@example.net,(531) 586-9232,South,TN,B2C,2021-11-24,Active,1,27
CUST-093,Phillip Underwood,hinesgregory@example.net,(555) 231-2432,Central,NY,B2C,05-Dec-2023,Inactive,0,33
CUST-635,Mary Hernandez,haroldjoseph@example.com,8827788160,Central,FL,Guest,11/17/2025,Inactive,False,64
CUST-382,Bethany Daniel,xrosales@example.net,(378) 078-2357,Central,IL,B2C,03/31/2022,Active,True,46
C507,Christopher Jones,jason22@example.com,419-416-8006,North,CA,B2B,06/02/2023,Active,YES,24
C694,James Guerrero,jasonnavarro@example.com,(989) 046-3378,West,TX,B2B,03-Dec-2024,Active,YES,45
CUST-875,Christian Park,cruiz@example.net,+12216667080,Central,PA,B2B,2020-07-14,Active,True,31
CUST-854,Jordan Nelson,brandybonilla@example.net,(456) 523-7341,East,WA,B2C,27-Jun-2021,Active,YES,54
CUST-973,Rachel House,wilsonmichael@example.net,775-983-3991,East,AZ,B2B,2023-06-26,Churned,0,20
CUST-632,Michelle Harris,udavis@example.net,4408222694,North,TN,B2C,2021-06-24,Churned,False,33
CUST-245,Michael Love,gdavis@example.com,(944) 666-0993,East,AZ,B2C,14-Jul-2025,Inactive,NO,39
CUST-347,Austin Joseph,,,South,,,04/01/2025,Inactive,NO,45
CUST-353,Aimee Gonzalez,jodi37@example.com,+17979270335,South,CO,B2C,05/15/2022,Active,True,43
CUST-276,Michele Miller,,,South,,,2023-04-06,Active,1,22
CUST-266,Dale Edwards,hartjeffrey@example.org,+15758997571,North,CO,B2C,12/22/2024,Active,1,28
CUST-308,Kelsey Fowler,,,West,,,12/24/2021,Active,1,68
CUST-919,Katherine Peck,samuel60@example.net,(791) 191-8623,South,MI,B2C,30-Apr-2022,Churned,False,999
CUST-529,James Willis,,,North,TX,B2C,31-Jan-2025,Active,YES,20
CUST-515,Linda Rich,davisdonna@example.net,8743380054,East,WA,B2B,06/20/2021,Inactive,0,23
CUST-111,Thomas Thomas,dlittle@example.com,2345054156,West,AZ,B2C,2024-02-15,Churned,False,41
C737,Laura Tran,christophervincent@example.com,+18260787010,East,MA,Guest,02/14/2026,Active,YES,35
CUST-579,Nicholas Hill,,,West,,,2021-07-11,Inactive,False,49
CUST-535,Joseph Haynes,,,North,MA,B2C,11/18/2022,Active,1,24
CUST-696,Kim James,jwells@example.net,800-025-8955,South,MI,Guest,11/18/2024,Active,YES,28
CUST-534,Mr. James Kramer,ericahall@example.com,(578) 018-2043,South,MA,B2C,30-Jul-2025,Churned,NO,52
CUST-449,Lisa Reynolds,timothyalvarado@example.net,6627301471,Central,AZ,B2C,07/09/2023,Active,True,41
CUST-295,Rebecca Chambers,,,Central,AZ,B2C,2020-10-26,Inactive,NO,25
CUST-300,Kristin Watts,,,East,,,26-Sep-2021,Active,YES,52
CUST-825,Brian Lewis,scott49@example.org,4079799667,South,IL,B2C,07-Jan-2026,Active,1,56
CUST-759,Carla Turner,sullivanvictor@example.org,+18711148375,South,GA,B2C,08/23/2022,Churned,False,51
CUST-996,Matthew Reeves,rtaylor@example.org,8395613723,North,TN,B2C,05-Mar-2023,Active,1,28
CUST-750,Michael Gregory,shannon51@example.org,5978559821,West,OH,B2C,07/26/2023,Churned,NO,32
CUST-665,Megan Ferguson,fbradley@example.net,+13475410225,South,OH,B2C,2025-04-23,Inactive,0,38
CUST-571,Jessica Rojas,,,East,,,2021-11-24,Inactive,0,74
CUST-291,Shannon Mccann,kevinmorrison@example.net,+19881658039,South,CO,B2C,05/31/2022,Active,True,25
CUST-775,Michael Howard,nelsonrobert@example.com,839-283-6929,East,CO,B2C,2021-04-13,Active,YES,24
CUST-138,Jason Davis,qedwards@example.com,5454019380,South,OH,Guest,2022-06-09,Active,1,45
CUST-410,Thomas Bush,micheal78@example.com,+14140665044,South,GA,B2B,2021-11-25,Churned,NO,48
CUST-421,Susan Powers,megan82@example.com,2021946723,South,WA,B2C,08/12/2023,Active,True,68
CUST-742,Matthew Davis,,,West,,,2021-03-14,Active,True,75
CUST-797,Bryan Burns,courtneytaylor@example.org,+12447314976,East,OH,B2B,2021-04-16,Churned,0,38
CUST-287,Richard Hardy,ashleyjackson@example.com,691-357-7594,Central,NY,B2C,06/24/2020,Active,1,68
CUST-592,Jaime Pierce,michael77@example.com,(840) 355-3380,South,CO,B2C,06-Nov-2021,Inactive,0,40
CUST-848,John Davis,hthomas@example.com,608-572-1696,West,OH,B2B,2023-05-13,Active,True,45
CUST-030,Angela Lopez,leonardjoe@example.org,+16656482366,South,MI,B2C,08-May-2021,Active,True,60
CUST-261,Anna Hardy,,2277167014,East,CA,B2C,2025-12-09,Inactive,0,28
CUST-079,Heather Chavez,john13@example.com,(428) 421-0205,South,MI,B2C,2026-05-21,Active,YES,18
CUST-216,Todd Fischer,carriemorales@example.org,+19209993476,Central,GA,B2B,2025-03-05,Active,1,68
C789,Henry Gray,willierussell@example.com,+19413146753,West,TX,B2B,25-Feb-2026,Churned,NO,51
CUST-166,Yolanda Gaines,lucasrodney@example.com,2477358662,Central,WA,B2C,2024-08-15,Inactive,False,56
CUST-249,Veronica Brewer,ybrooks@example.com,7217525007,East,FL,B2C,01/07/2025,Active,1,19
CUST-786,Christopher Mason,williamjones@example.net,203-296-3347,South,GA,B2C,05-Feb-2026,Inactive,False,57
CUST-779,DANIEL LOPEZ,butlersabrina@example.org,9229812099,East,WA,B2C,2021-01-07,Active,1,61
CUST-963,MARY PUGH,ejohns@example.org,9015959194,East,GA,B2C,11/05/2021,Inactive,False,60
CUST-335,Brian Goodwin,bbell@example.com,332-719-5005,South,AZ,B2C,2025-07-26,Active,True,52
CUST-598,Richard Weeks,michael66@example.org,+19491601692,South,CO,B2C,2025-04-03,Active,True,36
CUST-927,John Calderon,denise20@example.org,3815899886,Central,WA,B2B,12-Feb-2023,Active,YES,23
CUST-066,Alec Ryan,jeffrey10@example.org,2913431611,West,NY,B2C,01-Dec-2021,Churned,0,26
CUST-366,Steven Ramos,christopherboone@example.com,(676) 447-2649,North,AZ,B2C,07/14/2020,Active,1,32
CUST-978,Cole Carrillo,cclark@example.net,431-555-1651,West,OH,B2C,02/26/2025,Active,True,41
CUST-255,Scott Brown,jim95@example.net,(818) 499-2618,Central,TX,B2C,2021-10-23,Inactive,NO,28
CUST-709,James Hernandez,rebecca90@example.net,7381649383,North,NC,B2C,29-May-2020,Active,True,74
CUST-820,Christopher Taylor,kristine48@example.org,440-642-4295,West,FL,B2C,15-Apr-2024,Active,YES,30
CUST-222,Ashley Smith,,,West,,,08/05/2020,Inactive,0,49
CUST-236,Brian Martin,,,East,,,2023-03-19,Active,YES,39
CUST-495,Jeffrey Smith,kristenjoseph@example.net,+16494856257,South,NC,Guest,2022-08-04,Inactive,False,23
CUST-523,Richard Avery,,,South,,,02/13/2021,Active,True,24
CUST-297,Jennifer Johnson,,,East,,,12-Dec-2025,Active,YES,67
CUST-581,Cynthia Le,rlee@example.com,(767) 243-8070,North,WA,B2C,19-Jul-2025,Inactive,NO,33
CUST-959,Heidi Jones MD,thomasscott@example.net,(310) 633-0165,Central,FL,B2C,07/05/2021,Active,YES,29
CUST-250,Jaime Vega,desireebailey@example.org,329-666-6760,North,NC,B2B,2025-08-16,Active,YES,24
CUST-600,Joshua Hernandez,ericnunez@example.com,4439920116,West,AZ,B2C,27-Mar-2022,Churned,False,33
CUST-448,Matthew Smith,tiffanysantiago@example.com,6947873002,East,IL,Guest,01/18/2023,Inactive,0,51
CUST-072,Steven Stevens,ryangross@example.net,485-884-2474,East,CO,B2B,01/03/2023,Churned,False,60
CUST-095,Brian Martin,ssteele@example.net,+12581477005,East,TX,B2C,09-Nov-2022,Churned,False,999
CUST-034,Benjamin Sanchez,eric84@example.net,5172788957,Central,MA,B2C,03/14/2021,Active,1,55
CUST-260,Kristin Anderson,jonathanrivera@example.org,9621202169,West,CO,B2C,12-Oct-2023,Active,1,44
CUST-205,Amanda Shields,williamsdarlene@example.net,7365419518,North,NY,B2B,06/07/2022,Active,YES,70
CUST-814,James Weber,jpowers@example.org,(604) 760-4409,North,MA,B2C,24-Aug-2023,Active,YES,45
CUST-799,Paige Guerrero,msparks@example.com,9579145211,Central,NY,B2B,03/22/2022,Churned,False,62
CUST-356,Mrs. Tonya Kaufman,jenniferdavis@example.org,+19016451046,South,OH,B2C,08/20/2021,Inactive,NO,30
CUST-078,David Beck,thomas85@example.com,(529) 318-3933,East,CO,B2B,2022-03-03,Churned,0,29
CUST-085,Justin Butler,kimberlyjames@example.com,931-585-1493,West,MA,B2C,11/30/2020,Inactive,False,23
CUST-334,Nathan Fuller,samanthajensen@example.com,565-024-9163,North,CA,B2C,04/21/2024,Inactive,NO,62
CUST-083,Julie Alexander,tammyking@example.com,8156545271,North,MA,B2B,2025-08-23,Active,True,34
CUST-434,Matthew Johnson,kelsey90@example.net,2552818325,South,NC,B2B,02-Jun-2021,Active,True,21
CUST-658,Andrew Hughes,smithsarah@example.net,565-271-7272,South,FL,B2C,2026-05-13,Churned,NO,27
CUST-458,Mikayla Rodriguez,jacobconrad@example.com,+14893891190,Central,FL,B2C,2021-03-31,Churned,NO,36
CUST-0095,BRIAN MARTIN,ssteele@example.net,+12581477005,East,TX,B2C,09-Nov-2022,Churned,False,28
CUST-614,Amanda Nielsen,matthew62@example.org,7289931608,West,PA,B2B,2023-10-09,Churned,0,55
CUST-479,Samantha Zavala MD,sean99@example.org,+14070015941,West,TN,B2C,03-Aug-2023,Inactive,False,29
CUST-324,Raymond Oconnor,sreid@example.com,843-347-2282,North,CA,B2C,05/15/2022,Churned,False,68
CUST-006,Laura Bush,stanleykendra@example.org,(256) 413-9537,West,TN,Guest,02/12/2024,Active,YES,21
CUST-463,Victor Waller,iballard@example.com,(415) 353-9613,West,AZ,B2C,24-Dec-2024,Inactive,False,73
CUST-105,Andrew Shaw MD,sawyerscott@example.net,+12515220472,West,GA,B2C,04/16/2026,Churned,False,58
CUST-098,Christina Dunn,samuel71@example.org,2515186449,South,PA,B2B,2024-02-27,Inactive,0,30
CUST-310,Eric White,williambarnes@example.org,+19907141633,East,OH,Guest,2021-03-17,Active,1,40
CUST-425,Edwin Brown,derrickgonzalez@example.com,278-113-7995,West,FL,B2C,08/11/2025,Churned,0,33
CUST-412,Ryan Green,,,East,,,18-Sep-2023,Active,True,53
CUST-940,Jordan Pace,nashmarcus@example.com,+12213060906,Central,TX,Guest,2021-12-03,Inactive,NO,53
CUST-282,Alyssa Nelson,whenry@example.net,+13934667665,North,OH,B2C,14-Oct-2022,Active,1,18
C267,Lauren Cortez,elijah53@example.com,+16885102726,North,IL,B2C,02-Jul-2020,Active,1,41
CUST-482,Tiffany Jackson,simsjason@example.net,+13586734257,East,MA,B2C,23-Jul-2021,Active,YES,55
CUST-680,Heather Butler,,,East,,,09/27/2023,Active,True,40
CUST-596,Anna Ross,jessicacummings@example.com,8614982824,West,GA,B2C,10/20/2021,Active,YES,44
CUST-990,Sarah Perry,rachelquinn@example.com,214-473-4043,South,AZ,B2C,10/02/2022,Active,True,71
CUST-930,Dr. Christine Wagner PhD,cynthia74@example.org,+15580688285,North,TN,B2B,2024-10-03,Active,YES,32
C849,Seth Davenport,sara44@example.net,399-605-9329,West,WA,B2B,09/01/2020,Active,1,53
CUST-119,Tracy Phillips,linda71@example.org,314-678-6691,South,PA,B2C,21-Nov-2025,Active,1,30
CUST-713,Elizabeth Price,mccoymichael@example.org,(677) 159-1030,North,NY,B2B,2026-03-18,Active,True,35
CUST-251,Cameron Irwin,avilatiffany@example.com,(500) 335-4216,Central,MI,B2C,2026-05-13,Active,YES,26
CUST-669,Robert Robles,angela14@example.net,+16728633302,North,AZ,B2C,03/03/2021,Active,1,51
CUST-553,Matthew Nelson,xnorman@example.net,(280) 466-1963,Central,CO,B2C,25-Feb-2022,Active,1,69
CUST-381,Kristina Preston,jeffrey92@example.com,+17046173574,South,NC,B2C,23-Apr-2022,Active,True,20
CUST-010,Thomas Bradley,jason76@example.net,+15252880957,North,TX,Guest,24-Oct-2022,Churned,False,27
CUST-372,Alexander Harper,,,East,,,05/02/2022,Active,YES,67
CUST-197,Miss Michelle Pierce,patricia22@example.com,+12438983640,South,GA,B2C,18-Mar-2026,Active,1,18
CUST-644,Ashley Blair,webbhaley@example.net,6471639282,South,IL,B2C,2024-07-31,Churned,False,18
CUST-082,Denise Mccann,heidi27@example.org,+16789611836,West,TN,B2B,2020-06-28,Active,True,28
CUST-433,Jennifer Perez,,,East,TN,B2B,2026-02-04,Active,True,24
CUST-528,Megan Ward,,,West,,,2024-08-06,Active,1,48
CUST-757,Mary Hernandez,darylchaney@example.net,+15560331903,West,AZ,B2C,2025-06-10,Inactive,False,64
C240,Amy Wilson,erik84@example.net,(235) 797-2798,East,PA,B2B,29-Apr-2024,Churned,0,30
CUST-704,Jesse Carney,qschwartz@example.com,(431) 244-7315,Central,WA,B2C,2024-05-14,Inactive,0,51
CUST-212,Kathy Levy,brandywilliams@example.com,690-352-1356,Central,CA,B2C,17-Jul-2020,Active,1,64
C763,Lee Lee,kimberlywang@example.org,880-408-5095,East,CO,B2C,20-Jul-2022,Active,1,35
CUST-414,Tracy Fleming,pbuck@example.org,+12158517432,Central,CA,Guest,2023-06-27,Inactive,False,64
CUST-514,Alan Mills,,,West,,,09/04/2022,Active,YES,44
CUST-228,Regina Roberts,stephanie15@example.com,644-310-6987,South,CA,B2C,2025-04-25,Active,1,36
CUST-910,Autumn Torres,kevin70@example.org,701-394-8848,Central,NY,B2C,02/21/2022,Inactive,NO,35
CUST-426,Victoria Thomas,,731-363-6317,Central,GA,B2B,04/30/2026,Active,YES,37
CUST-845,Anthony Cook,thomasgomez@example.net,796-604-8736,Central,NY,B2C,10-Dec-2021,Churned,0,999
CUST-178,Ricardo Young,williamsrobert@example.net,+13775140105,North,WA,B2C,2024-01-22,Churned,False,72
CUST-993,Pedro Gordon,robert24@example.org,8561942557,West,CO,B2C,17-Feb-2021,Inactive,NO,48
CUST-450,Kristin Huerta,smithsarah@example.net,9158904290,South,PA,B2C,2022-09-18,Inactive,False,22
CUST-526,Jennifer Douglas,jennifer90@example.org,649-268-3158,Central,FL,B2C,2024-10-02,Active,True,24
CUST-527,Dakota Sandoval,james98@example.net,(861) 106-2737,North,PA,B2C,03/31/2024,Active,YES,75
CUST-537,Susan Porter,jimmyallen@example.com,+12046152654,West,MA,Guest,02/02/2026,Active,YES,28
CUST-424,Sean Silva,kennedyjames@example.org,4005436459,West,CA,B2B,07/06/2025,Active,1,38
CUST-008,Maria Lynch,amandasanchez@example.com,(469) 166-9784,Central,MA,Guest,01/03/2022,Inactive,0,74
CUST-156,Angela Bean,kmarshall@example.net,+19854458771,West,CO,B2C,2021-04-28,Churned,0,55
CUST-577,Renee Gonzales,andrewgray@example.net,(523) 467-2994,Central,FL,B2C,2025-02-19,Inactive,NO,71
CUST-885,Amanda Brown,owilson@example.org,427-009-3459,West,MA,B2B,16-May-2025,Active,1,35
CUST-330,Matthew Padilla,lewischristian@example.net,+14080214427,North,FL,B2B,08/08/2024,Active,True,39
CUST-532,Bruce Palmer,nancy94@example.net,4287772519,Central,OH,B2C,2023-06-04,Churned,False,41
CUST-823,Kathryn Martinez,tyler13@example.net,(543) 740-1827,South,GA,B2C,27-Oct-2021,Active,True,999
CUST-826,Travis Stewart,pwells@example.com,8403816649,West,MI,B2B,07-May-2023,Active,True,54
CUST-604,Kelly Allen MD,kmorris@example.org,667-912-1416,North,IL,B2B,10/10/2023,Active,True,25
CUST-829,Robert Martinez,miaprice@example.com,(451) 786-3767,South,CO,Guest,2026-02-26,Active,YES,24
CUST-616,Courtney Peterson,fsandoval@example.net,5746052330,South,MA,B2C,26-Jan-2026,Active,True,65
CUST-992,Mary Jones,reginajenkins@example.net,+14556296575,East,NY,B2C,13-Sep-2025,Inactive,NO,28
CUST-605,Jacob Lee,,,Central,,,2021-01-29,Active,True,63
CUST-478,Daniel Lewis,mark43@example.net,(503) 477-8660,South,NY,B2C,08/18/2023,Active,YES,25
CUST-809,Kenneth Stokes,vazquezjamie@example.com,4033192227,North,PA,B2B,09/03/2022,Churned,False,24
CUST-621,Sheryl Gutierrez,vturner@example.net,(847) 501-1117,Central,FL,B2B,2024-10-07,Active,YES,29
CUST-753,Jason Rojas,carterbryan@example.org,(940) 056-4350,South,FL,B2C,30-Dec-2025,Inactive,NO,59
CUST-905,Jeffery Jenkins,brownpamela@example.com,(313) 599-6605,West,MA,B2C,17-Feb-2023,Churned,0,66
CUST-164,Brittany Miller,sabrinacollins@example.net,+12250392614,South,MI,B2B,11-Mar-2026,Inactive,False,999
CUST-229,Cindy Clayton,sarah42@example.org,+19310324171,East,CO,B2C,04-May-2024,Active,1,67
CUST-865,Jeffrey Solomon,ievans@example.net,6448354884,West,TX,Guest,22-Jul-2023,Churned,0,65
CUST-979,Shane Torres,,,North,WA,B2C,01-Aug-2020,Active,True,58
CUST-213,Martha Ruiz,booneryan@example.com,878-831-7121,North,CA,B2C,05/17/2023,Churned,NO,68
CUST-080,Pamela Lopez,joannahill@example.net,(881) 177-5891,West,NC,B2B,02/14/2021,Active,1,73
CUST-149,Mrs. Christine Dougherty,kathrynroberts@example.org,5752431069,North,FL,B2B,09/23/2021,Active,True,66
CUST-303,Nathan Chavez,evanslisa@example.org,+18959463688,West,NY,B2C,2022-06-30,Active,1,25
CUST-389,Anna Wheeler,bbush@example.net,+14557701715,West,GA,B2C,2023-09-09,Active,YES,41
CUST-519,Deanna Smith,lanedavid@example.org,(954) 821-4565,South,NY,B2C,12/30/2023,Active,1,65
CUST-542,Michael Smith,nicolasgarcia@example.com,(663) 985-5474,South,WA,Guest,08/05/2024,Active,True,33
CUST-890,Chad Allison,xmontes@example.org,(364) 913-3424,East,AZ,Guest,15-Apr-2024,Inactive,NO,75
CUST-044,Crystal Johnson,raymondramirez@example.org,484-987-7694,East,MA,B2B,2022-03-27,Churned,0,43
CUST-391,Deborah Campbell,codylong@example.net,476-153-9669,East,NC,B2C,26-Sep-2024,Active,1,39
CUST-134,Victor Brown,bboone@example.net,+16973348434,East,AZ,B2B,15-Jul-2023,Inactive,0,55
CUST-716,Nathan Sullivan,lindsaycontreras@example.com,9457314415,Central,MA,Guest,10-Jun-2022,Inactive,False,67
CUST-312,Lisa Glenn,washingtonjames@example.com,573-334-3333,Central,PA,B2B,12-Jul-2021,Active,True,23
CUST-491,Matthew Hunt,jackjensen@example.com,+19359710725,West,WA,B2B,06/20/2022,Active,YES,53
CUST-1000,James Harris,nicholasallen@example.org,(770) 607-1748,North,TX,B2B,2023-12-30,Inactive,False,29
CUST-697,Timothy Cole,suzanne01@example.net,8096262658,South,OH,B2B,08/17/2025,Inactive,False,21
CUST-837,James Davenport,andrewjohnson@example.net,(740) 915-0863,South,TX,B2C,2022-08-11,Active,True,20
CUST-001,Donald Walker,rhodespatricia@example.org,(633) 218-1960,North,TX,B2B,03/29/2024,Active,1,27
CUST-494,Emily Hayes,,,South,,,2024-02-14,Inactive,NO,72
CUST-383,Tammy Ponce,,,Central,,,06-Aug-2020,Active,True,30
CUST-317,Danielle Golden,colemichael@example.org,514-386-6322,West,CO,B2B,27-Oct-2024,Active,1,30
CUST-766,Gregory Madden,lewispamela@example.net,+16901495427,West,CA,B2C,2022-08-23,Active,True,51
C584,John Hanson,,(242) 752-3083,West,AZ,B2B,03-Apr-2024,Active,1,31
CUST-866,Kelly Phillips,arnoldsamantha@example.net,7877221641,West,PA,B2C,10/28/2025,Active,True,22
CUST-568,Adam Davis,snydermatthew@example.com,9546027341,East,TN,B2B,2021-02-26,Inactive,False,18
CUST-991,Melissa Davis,allenmonica@example.com,(887) 304-5195,West,MA,B2C,18-Sep-2022,Active,True,75
CUST-429,Monica Dodson,katherine83@example.org,887-397-7406,South,FL,B2C,06/07/2020,Active,YES,45
CUST-173,Ashley Singleton,mitchellkathryn@example.com,3939828073,West,CO,B2C,2025-08-26,Inactive,NO,46
CUST-126,Sandra Gilbert,antonio53@example.com,3687339500,East,GA,B2C,09/19/2025,Inactive,0,65
CUST-454,Joshua Petersen,pamela83@example.net,(911) 207-5452,West,TN,Guest,2022-10-29,Active,True,37
CUST-483,Jessica Garcia,elucas@example.net,(234) 864-5183,West,OH,B2B,17-Jan-2025,Churned,0,69
CUST-589,Heather Ellis,kandrade@example.org,395-625-2571,East,CA,B2C,2021-01-14,Active,True,70
CUST-171,STEPHANIE LEE,smurray@example.com,324-065-9657,East,OH,B2C,2026-03-14,Churned,0,22
CUST-091,Melissa Bender,mkim@example.org,7969664160,East,NY,B2C,02/24/2021,Active,YES,74
CUST-997,Brian Phillips,qjackson@example.org,(414) 364-3813,North,CA,B2B,2021-06-05,Active,YES,41
C182,Paul Kelly,cooperjessica@example.net,+13251341252,Central,OH,B2C,23-Sep-2022,Active,1,60
CUST-364,Joel Lara,davidbrown@example.org,479-757-3660,Central,AZ,B2C,11/22/2024,Inactive,0,22
CUST-275,Courtney Sutton DVM,davisnicholas@example.net,7989334721,South,NY,B2C,10/18/2023,Active,YES,58
CUST-950,Rachel Gibson,briana11@example.org,(828) 874-3127,North,CO,B2B,11-Jun-2022,Churned,False,35
C70,Lori Garcia,melissa91@example.net,+16064090974,South,MI,B2C,10-Nov-2020,Active,YES,63
C292,Vincent Novak,jessica79@example.org,475-037-3145,South,CA,B2C,11-Aug-2021,Active,1,66
CUST-132,Derek Martinez,vfox@example.org,823-091-3075,West,NY,B2C,09-Dec-2023,Active,1,74
CUST-301,Haley Johnson,phillipssamantha@example.org,859-916-2473,North,IL,B2C,2023-12-09,Active,YES,47
CUST-508,Mary Perry,jennifer77@example.com,9499564122,North,FL,B2B,07-Jan-2024,Active,YES,75
CUST-327,Alexis Noble,scottsmith@example.com,678-077-4064,Central,FL,B2C,2024-02-29,Active,1,22
CUST-145,Patrick Bonilla,reesejason@example.com,425-871-3971,Central,GA,B2C,07-May-2024,Active,True,55
CUST-486,Kimberly May,avilabrenda@example.net,920-634-5911,South,FL,B2C,04-Jul-2020,Churned,False,21
CUST-844,Jennifer Lewis,verickson@example.net,3785138544,East,GA,B2C,08/20/2025,Active,True,52
C850,Kelly Graham,leslievang@example.org,5275327352,East,TX,Guest,20-May-2025,Active,YES,19
CUST-136,Michelle James,shawn96@example.org,(947) 338-4842,North,MI,B2C,2024-02-25,Active,YES,57
CUST-468,Michael Gonzalez,tonyavega@example.org,3978897782,Central,CA,B2C,2020-07-22,Active,1,72
CUST-165,Kurt Hurley,angelica52@example.net,7621850163,North,PA,B2C,06-Aug-2024,Active,YES,74
CUST-029,Kimberly Adkins,williamsthomas@example.net,(808) 835-6159,East,WA,B2C,21-Mar-2026,Inactive,0,59
CUST-599,Matthew Guzman,walterscrystal@example.org,+19506633705,North,AZ,B2C,16-Aug-2025,Active,True,35
CUST-194,Matthew Wright,johnsonjacob@example.net,(716) 271-3611,North,PA,B2C,01-Aug-2023,Active,1,46
CUST-446,Karen Carroll,,(967) 426-6299,North,NY,B2B,01/10/2021,Active,True,44
CUST-679,Jennifer Graham,,,Central,,,2024-02-27,Active,YES,42
CUST-585,Christine Henry,,,South,,,2020-10-30,Active,True,57
C170,Jeremy Mitchell,pyoung@example.com,3264647154,South,AZ,B2C,06/18/2024,Active,True,71
CUST-536,Justin White,michael94@example.org,(382) 422-4124,West,WA,B2B,11/24/2024,Active,YES,34
CUST-141,Thomas Williams,caroline51@example.net,868-516-1227,East,TN,B2B,01/19/2026,Active,YES,69
CUST-174,Sandra Davis,lisawilkerson@example.org,9243426617,Central,GA,B2C,06-Feb-2023,Active,YES,34
CUST-007,Jamie Chavez,francisco53@example.net,+15884969653,South,NC,B2C,07/15/2025,Inactive,False,55
CUST-683,Janice Perez,kjacobs@example.com,(238) 021-4629,West,MA,B2B,13-Dec-2022,Active,True,60
CUST-530,Kristin Aguilar,sylvia43@example.net,745-447-0229,West,CA,Guest,09/14/2023,Active,YES,48
CUST-693,Amanda Riggs,,,West,,,28-Jun-2021,Churned,NO,18
CUST-074,Timothy Ramirez,dsanchez@example.net,7137098593,North,WA,B2C,04-May-2022,Churned,0,66
CUST-899,Neil Singh,abigailfernandez@example.org,466-933-5134,South,TN,B2C,2020-08-17,Inactive,False,34
CUST-126,SANDRA GILBERT,antonio53@example.com,3687339500,East,GA,B2C,09/19/2025,Inactive,NO,70
CUST-239,Jeremy Adams,kevin90@example.com,(530) 307-0534,East,MA,B2C,06/11/2020,Active,True,59
CUST-146,Eric Nguyen,wareeric@example.net,2874064039,North,CA,B2C,2023-02-16,Inactive,False,53
CUST-906,Michael Powell,lwiggins@example.com,(803) 920-5146,North,AZ,B2C,2021-09-10,Churned,NO,999
CUST-235,Frances Gibson,ismall@example.net,319-148-5646,West,MI,B2C,01/09/2024,Active,True,64
C221,Lauren Jackson,rhernandez@example.org,7932525002,Central,AZ,Guest,11/15/2023,Inactive,0,21
CUST-215,Diana Hays,andersoncolin@example.com,+12702966706,West,NY,B2C,06/07/2023,Churned,NO,58
C963,Mary Pugh,ejohns@example.org,9015959194,East,GA,B2C,11/05/2021,Inactive,False,30
CUST-133,Kayla Rodriguez,soniawilliams@example.net,2283857865,South,GA,Guest,06-Apr-2023,Active,YES,51
CUST-570,STEVEN WRIGHT,hclayton@example.net,+14840445669,North,GA,B2C,08/31/2023,Churned,False,54
CUST-617,Lisa Garrett,robertberry@example.com,856-756-6184,East,AZ,Guest,09/12/2022,Inactive,0,34
CUST-846,Linda Goodman,smithwilliam@example.com,(833) 194-2268,West,PA,B2C,01/15/2026,Active,YES,49
CUST-423,Patrick Parker,nathan94@example.com,(788) 373-4031,South,WA,B2C,09-Dec-2020,Churned,False,58
CUST-186,Cheryl Kelly,glennmartin@example.org,+12783613407,East,PA,Guest,04-Dec-2021,Active,1,43
CUST-042,Sierra Johnson,kimberly63@example.com,(249) 663-1931,East,MA,B2C,06-Apr-2026,Inactive,False,41
CUST-651,Mr. Steven Herrera,steven60@example.net,685-571-6176,Central,TN,Guest,2024-04-12,Inactive,0,18
CUST-109,Ashlee Jackson,rebecca05@example.org,+12515319520,East,NC,B2C,2024-12-19,Active,1,69
CUST-717,Kimberly Figueroa,,,West,TX,,17-Jan-2026,Inactive,NO,18
CUST-057,Jill Moore,wcole@example.org,4967175655,North,MA,B2B,2022-12-19,Active,True,49
CUST-708,Nicholas Waters,mosleyeduardo@example.net,7313552510,East,AZ,B2B,08/12/2020,Active,1,25
CUST-803,LAURA HENRY,kalvarez@example.net,4872866041,West,IL,B2C,2022-09-27,Churned,False,44
CUST-994,Benjamin Neal,vjames@example.com,(495) 829-2361,West,TN,B2B,2023-06-11,Active,True,42
CUST-914,Ann Weber,zhughes@example.com,8964546553,East,NC,B2C,04/19/2021,Churned,0,66
CUST-436,Christine Jennings,turnerdorothy@example.net,(679) 513-7116,South,IL,Guest,2021-12-03,Active,1,60
CUST-025,Jerry Henderson,steven17@example.net,(531) 586-9232,South,TN,B2C,2021-11-24,Active,True,48
CUST-480,Erica Moon,cruzamber@example.com,(431) 981-8984,West,TN,B2B,2026-02-27,Active,1,54
CUST-583,Shane Harris,clee@example.net,927-422-0912,East,TX,B2C,01-Jun-2025,Active,True,45
CUST-813,DANIEL FLYNN,william46@example.net,4037583094,East,TX,Guest,2025-03-19,Churned,NO,999
CUST-671,Jessica Baird,amy32@example.net,(822) 728-4765,West,CO,B2C,27-Aug-2021,Active,YES,35
CUST-892,Brittany Molina,icobb@example.com,850-977-5396,West,FL,B2C,07/27/2022,Active,True,23
CUST-984,Daniel Carter,gibsonmiguel@example.org,(333) 943-9457,North,WA,B2C,2025-11-15,Active,True,71
CUST-339,Jennifer Payne,kathrynbest@example.org,982-945-6511,Central,WA,B2B,22-Sep-2022,Inactive,False,58
CUST-052,Robert Potter,jeffrey32@example.org,877-496-4990,Central,AZ,B2B,15-Mar-2024,Inactive,0,69
CUST-384,Cynthia Haas,daisymccarty@example.net,(609) 435-3344,Central,PA,B2C,04/01/2021,Inactive,False,18
CUST-550,Heather Nunez,,,North,,,14-Jun-2021,Active,1,73
CUST-887,TRACY LLOYD,villegaskimberly@example.net,+19026086982,South,TX,B2B,01/11/2021,Churned,False,32
CUST-674,Amy Robinson,paigeberger@example.net,(975) 662-0563,East,TX,B2B,15-May-2022,Active,1,30
CUST-982,John Murphy,tfowler@example.org,+14632809448,East,NC,B2C,14-Oct-2020,Inactive,NO,66
CUST-265,Ian Andrade,ugarcia@example.com,2880199488,South,WA,B2C,2024-04-18,Churned,0,64
C573,Mr. Isaac Williams,teresayoung@example.com,+15666845909,North,TN,B2B,2021-02-19,Churned,NO,54
CUST-756,Tyler Montgomery,jennifermitchell@example.org,808-706-6266,Central,NY,B2B,18-Apr-2021,Active,1,35
CUST-951,Richard Lee,danascott@example.com,9209579927,North,GA,Guest,2023-12-23,Active,True,30
CUST-445,Mariah Robles,andersonjessica@example.org,(762) 656-5045,East,IL,Guest,05-Jul-2025,Churned,False,72
CUST-396,Jennifer Avila,angelarandall@example.net,5272386562,East,MA,B2C,2024-05-31,Active,1,38
CUST-552,Sarah Jones,matthewedwards@example.net,3100651207,North,IL,B2C,11-Mar-2024,Active,1,58
CUST-177,Susan Smith,marydunn@example.net,271-461-1254,East,GA,B2C,2023-03-22,Active,True,59
CUST-019,Jenny Lewis,jenniferross@example.net,5990916998,East,TN,B2C,12/30/2021,Inactive,False,39
CUST-761,Wendy Estrada,hmorgan@example.net,548-315-2037,West,TX,B2B,23-Mar-2026,Inactive,0,62
CUST-533,John Sanchez,susan77@example.net,+12741209481,Central,TX,B2B,23-Jan-2023,Active,YES,999
CUST-606,Wanda Ramos,scottglass@example.org,+19596555535,West,OH,B2C,2026-05-01,Churned,False,44
CUST-619,Ellen Thornton,russellstout@example.org,259-126-6201,East,GA,B2B,16-Mar-2025,Active,True,26
CUST-368,Carrie Lewis,joshuagriffin@example.org,345-211-1751,Central,AZ,B2C,2020-07-31,Inactive,NO,60
CUST-084,John Ray,hernandezlisa@example.com,+12988516560,East,MI,B2C,02/02/2021,Active,True,44
CUST-062,Tiffany Barnes,tracynelson@example.com,665-840-4499,West,MA,B2B,12/04/2024,Active,True,63
CUST-500,Daniel Barton,,,Central,,,21-Jan-2025,Active,1,73
CUST-273,Renee Browning,hullalice@example.org,620-438-0571,Central,MA,B2C,2025-04-14,Active,1,62
CUST-286,Ashley Davis,carlsonkristen@example.com,287-814-1413,Central,GA,Guest,30-Sep-2023,Active,1,67
CUST-361,Christine Parker,melissa12@example.net,(720) 566-4742,South,TX,B2B,08/15/2023,Active,YES,55
CUST-355,Ryan Wiley,aaron64@example.org,+19920698042,North,IL,B2B,20-Oct-2021,Inactive,0,28
C939,Savannah Ibarra,,,North,,,03-Mar-2021,Inactive,False,46
CUST-279,Nicole Marquez,thickman@example.org,(773) 993-0561,West,IL,B2C,03/05/2026,Active,1,73
CUST-013,James Ferrell,tasha01@example.net,303-105-1834,West,FL,B2C,12/09/2022,Inactive,0,26
CUST-183,Nicole Anderson,amy27@example.net,4782827422,East,MA,B2C,2021-01-10,Active,1,75
CUST-369,Danielle Phillips,eandrade@example.org,802-592-2220,West,IL,B2C,2020-08-11,Inactive,False,67
CUST-637,Alexandria Jimenez,,,East,,,06/04/2020,Active,1,61
CUST-656,Susan Wallace,lloydrebecca@example.org,+14694500534,South,IL,Guest,11-Feb-2025,Active,True,46
CUST-224,Kelly Edwards,stevepatel@example.net,372-513-5521,East,GA,B2B,10-May-2022,Active,1,31
CUST-741,David Hansen,,,West,,,2025-05-02,Active,YES,46
CUST-744,Lori Padilla,daltonchad@example.net,3225957244,West,TX,Guest,07-Jul-2021,Active,YES,19
CUST-721,William Johnston,marcoconnell@example.org,+12663436294,Central,MI,B2C,06/23/2024,Active,YES,51
C582,Douglas Ortiz,daniel81@example.org,8360041257,West,GA,B2B,2024-12-31,Active,YES,21
CUST-487,Jonathan Roberts,catherine47@example.com,857-724-2954,South,TX,B2C,30-Jun-2025,Active,YES,35
CUST-543,Joshua Young,,,Central,,,31-Jan-2024,Active,YES,23
CUST-466,Erica Wilson,anna99@example.net,5477848588,North,CO,B2B,2023-06-06,Active,True,56
CUST-622,Richard Rodriguez,,,East,,,2026-01-02,Churned,False,70
CUST-496,Brandy Quinn,wford@example.com,5203207427,West,TX,Guest,01/08/2023,Churned,0,69
CUST-821,Nathan Casey,,,Central,,,04/09/2024,Inactive,False,58
CUST-668,Gregory Murray,justinbailey@example.net,5135030587,South,TN,B2B,02-Aug-2020,Churned,NO,60
CUST-457,Rebecca Kelley,jacqueline02@example.com,+12119393250,North,NY,B2C,15-Jul-2022,Churned,NO,19
CUST-394,Deborah May,ylopez@example.com,749-465-1909,Central,OH,B2C,03/26/2023,Churned,False,71
CUST-676,Elizabeth Bauer,samantha65@example.org,399-097-0051,East,CA,Guest,2021-08-21,Inactive,NO,58
CUST-714,Collin Johnson,,4135800401,North,IL,B2B,09/19/2025,Active,True,29
CUST-376,Keith Thomas,marycochran@example.com,9729343010,West,WA,B2C,16-Aug-2024,Inactive,False,59
CUST-413,Cindy Walker,ericaadams@example.com,8618306719,Central,TN,Guest,2025-07-12,Active,True,53
CUST-075,Allen Rosales,tonykelly@example.com,+18120047113,Central,NY,B2C,25-Jan-2024,Active,1,54
CUST-935,Alejandro Campbell,james94@example.net,6494116318,West,FL,B2B,2023-01-27,Churned,0,62
CUST-501,Mary Charles,katherinetaylor@example.org,810-326-6421,East,GA,B2C,10/14/2022,Inactive,NO,62
CUST-597,Melissa Johnston,larsonkevin@example.net,7273230085,West,OH,Guest,06/11/2021,Churned,NO,55
CUST-115,Natasha Williams,swall@example.org,2927557192,Central,PA,B2C,20-Oct-2023,Active,1,48
CUST-418,Frederick Hill,jacob83@example.org,241-792-9111,West,MI,B2C,04-Jun-2022,Active,YES,57
CUST-090,Charles Brown,brooke94@example.com,(822) 683-8851,West,MA,B2C,2021-04-19,Active,YES,20
C977,Jose Hartman,dsharp@example.com,7904599080,South,GA,B2B,11/25/2024,Active,1,31
CUST-920,Brian Garcia,justinwhite@example.org,915-116-9666,West,NY,B2C,04/23/2022,Active,YES,70
CUST-847,Jacob Donaldson,carpenterjorge@example.net,+17158886367,West,IL,B2C,2022-03-22,Active,True,32
CUST-732,Erika Gonzalez,jerry15@example.org,(625) 488-2142,South,OH,B2C,09/25/2024,Active,1,73
CUST-012,Brenda Snyder PhD,hernandezernest@example.net,5465787133,North,PA,B2B,07/30/2022,Active,YES,46
CUST-397,Sharon Wells,thomasmiller@example.net,(227) 621-2679,West,MI,B2B,01-Dec-2022,Active,1,73
CUST-569,Mr. Michael Johnson Jr.,brianrowe@example.org,(511) 150-8353,East,IL,B2C,2025-02-13,Inactive,NO,61
CUST-043,Janet Williams,dwalker@example.com,(851) 850-6716,East,WA,Guest,2021-05-11,Active,1,28
CUST-168,Ashley Wise,stanleynancy@example.net,+14126788861,North,TX,B2C,11/13/2020,Active,True,32
CUST-417,Sara Hoffman,kenneth17@example.org,4931027079,North,FL,B2C,27-May-2026,Active,1,25
CUST-804,Kevin Gray,katie45@example.org,+17959224839,East,NC,B2C,27-Sep-2020,Active,YES,39
CUST-427,Anthony Hayes,kathleenjackson@example.org,926-527-3543,East,NY,B2B,29-Apr-2026,Active,True,52
CUST-936,Tracy Johnson,tconway@example.net,3130621136,Central,PA,B2C,2021-09-24,Active,True,40
CUST-169,CHRISTOPHER GUERRA,,,West,NY,,2021-03-11,Active,1,51
CUST-729,Robert Jennings,kjimenez@example.net,4455696443,North,MI,B2C,23-Jan-2022,Active,True,46
CUST-653,Ryan Morgan,,,Central,,,20-Oct-2020,Churned,False,24
CUST-258,Mason James,heather62@example.com,+19012045561,North,MA,B2C,2020-09-07,Active,YES,60
CUST-336,Matthew Wright,kimberly04@example.org,7857306524,North,GA,B2C,02/25/2025,Active,1,30
CUST-016,James Martin,georgetracy@example.org,3080132677,South,MA,B2C,14-Jun-2023,Active,True,22
CUST-685,John Vaughn,jessicafox@example.com,(797) 371-4708,South,GA,B2B,2024-08-20,Active,True,60
CUST-325,Jennifer Donaldson,troymorris@example.com,+19848728299,West,WA,B2C,2025-07-04,Churned,False,67
CUST-682,SHANNON ENGLISH,dhanson@example.net,4758955168,West,IL,Guest,24-Mar-2021,Churned,0,999
CUST-223,Kaitlyn Charles,thorntonapril@example.net,+14644220969,North,NY,B2C,06/01/2023,Churned,NO,55
CUST-180,Lucas Allen,qlopez@example.org,860-334-1918,South,PA,B2C,2021-04-07,Active,1,70
CUST-100,Ronnie Jimenez,william46@example.com,(623) 573-3221,East,MA,B2C,2023-03-05,Active,1,29
CUST-522,Mr. Justin King,,,West,,,02/09/2025,Inactive,0,22
CUST-023,Rhonda Lee,hopkinsmichael@example.com,2164005242,West,NC,B2C,2023-03-30,Active,1,33
CUST-357,Mercedes Watson,carpenterwilliam@example.net,+13238780038,East,PA,B2C,2025-10-15,Inactive,False,57
CUST-751,Bobby Hurst,susan11@example.org,(611) 730-9850,South,MA,Guest,10/04/2025,Churned,False,53
CUST-915,Stacy Fitzgerald,clinejasmine@example.net,589-218-7851,Central,FL,B2C,2023-08-26,Inactive,NO,62
CUST-849,SETH DAVENPORT,sara44@example.net,399-605-9329,West,WA,B2B,09/01/2020,Active,YES,74
CUST-341,Jennifer Miles,davidsonamanda@example.org,+13037170586,East,CO,B2C,03/05/2024,Inactive,NO,19
CUST-432,Whitney Cooper,mhoward@example.org,2772625701,West,TN,B2C,07-Jun-2022,Active,1,72
CUST-588,Danielle Garrett,angelagrant@example.net,3495013649,West,TX,B2C,07/17/2021,Inactive,0,30
CUST-886,Dr. Richard Hammond,paula89@example.net,451-207-3465,East,MI,B2C,11-Oct-2023,Inactive,NO,59
CUST-204,Anna Davidson,georgeweber@example.net,(200) 307-5622,North,NC,B2C,02/27/2024,Inactive,False,52
CUST-781,Michael Johnson,walkermelissa@example.org,+17220368499,East,TX,B2C,2024-12-26,Active,YES,33
CUST-094,Catherine Richards,ecosta@example.com,979-979-9552,West,TX,B2C,25-Apr-2024,Active,YES,50
CUST-595,Andrew Kelly,josephpreston@example.org,915-662-7768,Central,AZ,B2C,2025-12-17,Active,1,55
CUST-069,Eric Byrd,tsanders@example.org,(794) 647-4367,North,FL,B2C,2021-01-19,Active,True,65
CUST-663,Jeremy Anderson,,,East,,,02/01/2024,Active,1,73
CUST-285,Jill Juarez,andersonjacob@example.com,3435368222,South,MI,B2C,14-Dec-2020,Active,YES,67
C853,Brian Cortez,daviddavis@example.com,2460568761,North,NY,B2C,2023-10-09,Inactive,0,24
CUST-435,Martha Smith,butleromar@example.net,555-486-4015,East,GA,B2C,17-May-2026,Active,True,37
CUST-154,Richard Jones,schmidtjames@example.com,3830469901,South,CO,B2C,2024-11-17,Inactive,NO,19
CUST-076,Meredith Hill,blackjames@example.org,4617964053,West,GA,Guest,13-Jun-2022,Churned,NO,73
CUST-778,Alexandria Holmes,kimberly65@example.org,615-599-9101,East,GA,Guest,20-Nov-2023,Active,YES,36
CUST-447,Sheryl Acosta,timothyfreeman@example.com,+18106462879,South,FL,B2B,01/28/2024,Active,YES,22
C189,Edward Garcia,donna47@example.net,+18729466711,West,NC,B2C,05/18/2026,Inactive,False,51
CUST-272,Juan Smith,amanda40@example.net,8846081062,North,WA,B2B,02-May-2023,Active,True,52
CUST-237,Edward Craig,gregorychase@example.com,+16713247546,Central,WA,B2B,2020-06-27,Active,True,29
CUST-488,Kara Ferguson,julierobles@example.net,5008931734,South,CA,B2C,11-Oct-2022,Active,1,37
CUST-560,Kimberly Stout,,(708) 124-7395,North,CA,B2B,01/06/2023,Active,True,28
CUST-118,Richard Walter,alyssa42@example.com,458-313-2370,East,NC,B2C,24-Nov-2022,Active,YES,50
CUST-868,Julie Hartman,,436-229-2587,Central,CO,B2C,2020-07-02,Inactive,0,61
CUST-513,Carol Jennings,ecarlson@example.org,+18024375738,South,MI,Guest,2024-02-23,Active,True,74
CUST-590,Mary Ferguson,,,West,,,15-Sep-2023,Active,1,51
CUST-631,Nathan Wilson,phillipmorris@example.org,7948491025,West,NY,B2C,05/21/2025,Inactive,False,32
CUST-127,Jack Pollard,amy50@example.com,2162456506,North,MI,B2C,2023-01-27,Active,True,65
CUST-117,Amanda Diaz,christopherphillips@example.net,3217271551,Central,NC,B2C,08/22/2020,Active,YES,70
CUST-474,Nancy Wilson,pattersonangela@example.org,391-954-1987,West,FL,B2C,07-Nov-2020,Active,1,67
CUST-738,John Ford,,,Central,,,2025-07-30,Active,YES,28
CUST-058,Richard Washington,joshuajones@example.com,8807154516,Central,MA,Guest,2025-06-11,Inactive,False,47
CUST-719,Samantha Davis,marybrown@example.org,+14491271130,West,NY,B2C,2024-03-14,Active,YES,68
CUST-967,Carol Hughes,victor72@example.com,+15797662705,North,TX,Guest,02/24/2025,Inactive,False,21
CUST-370,Jason Day,crystalpham@example.org,4123094077,West,NC,B2C,2020-12-06,Active,YES,49
CUST-269,Caroline Cortez,iwhite@example.net,(897) 829-2216,Central,MI,Guest,31-May-2021,Active,True,66
CUST-047,Andrew Graham,michaeljones@example.net,3436349578,Central,PA,B2C,10/20/2025,Inactive,NO,22
CUST-350,Amanda Pratt,pwalker@example.com,3364622517,Central,AZ,B2B,2021-06-24,Active,1,50
CUST-196,Mrs. Brandy Jones MD,zosborn@example.net,321-965-6523,East,WA,B2B,07/27/2024,Active,True,43
CUST-103,Mr. Phillip Bennett,molly39@example.com,5924075818,North,IL,B2B,01/31/2023,Active,YES,67
C887,Tracy Lloyd,villegaskimberly@example.net,+19026086982,South,TX,B2B,01/11/2021,Churned,False,55
CUST-790,Chad Farmer,angela01@example.com,(827) 796-3044,Central,FL,Guest,2021-02-22,Inactive,0,29
CUST-784,David Jones,websterkimberly@example.net,3176741241,East,CO,B2B,2020-10-04,Inactive,0,53
CUST-264,Jennifer Allen,kimberly67@example.net,5177971775,North,GA,B2C,2024-07-30,Active,1,31
CUST-444,Catherine Morales,ynelson@example.net,543-018-7186,South,GA,B2C,17-Dec-2020,Active,YES,39
CUST-946,Jeremy Martinez,rangelnicholas@example.net,5358268627,North,AZ,B2B,01/14/2023,Active,1,58
CUST-305,Crystal Sullivan,jacobsandoval@example.com,(801) 279-6114,South,PA,B2B,10/07/2023,Active,1,60
C342,Jorge Harris,amandamyers@example.net,+12141381138,West,FL,B2B,26-Jan-2022,Inactive,0,39
CUST-639,Diana Fuller,brandonhernandez@example.net,(726) 501-6731,Central,NC,Guest,06/11/2020,Active,1,26
C314,Rebecca Walker,hillamanda@example.org,+15920867808,East,OH,Guest,2021-05-29,Inactive,0,29
CUST-150,Casey James,vincentwhitaker@example.com,(230) 673-8302,Central,IL,B2B,2020-06-13,Churned,0,47
CUST-125,Michael Paul,umatthews@example.org,(896) 325-9532,West,NC,B2C,2021-03-21,Churned,False,72
CUST-834,Rachel Taylor,tgonzalez@example.com,2464197857,East,MA,B2C,2024-04-03,Active,True,74
C873,Chelsea Johnson,pwong@example.org,+19215622949,South,NC,B2B,04/20/2025,Active,YES,32
CUST-051,Michael Dixon,donnacampbell@example.net,(919) 022-9413,North,NC,B2C,2022-05-04,Active,YES,72
CUST-354,Raymond Gonzalez DVM,edwardrandolph@example.org,(440) 514-7705,South,AZ,B2C,12/15/2023,Active,YES,31
CUST-985,Jennifer Moore,andersonrobert@example.net,+12403253765,West,OH,B2C,06/08/2021,Active,1,61
CUST-143,Sarah Villegas,lynchdiane@example.net,+13459332727,Central,PA,B2C,07-Nov-2023,Active,1,47
CUST-471,Tammy Hughes,tammy00@example.net,+17208507698,West,IL,B2B,02/17/2022,Active,True,25
CUST-400,Brittany Larson,renee11@example.com,389-490-5807,West,NC,Guest,2021-08-13,Active,True,26
CUST-666,Michael Mckinney,oruiz@example.org,3964215226,East,PA,B2C,03/20/2023,Active,YES,44
CUST-321,Sharon Martinez DVM,dustinmorris@example.org,769-961-1253,East,PA,B2C,01-Dec-2025,Inactive,NO,19
CUST-020,Joseph Martinez,calebsmith@example.net,+16624751079,Central,TX,B2B,04/21/2024,Active,True,62
CUST-859,Natasha Payne,qdavis@example.org,3534332491,South,PA,B2C,02/07/2022,Active,1,73
CUST-838,Susan Mccann,,,North,,,15-Apr-2024,Active,YES,72
CUST-877,Kristen Roberts,gross@example.net,(993) 164-7725,North,NY,B2C,29-Oct-2024,Active,True,41
CUST-408,Samantha Robertson,cameronmckinney@example.com,5443009109,South,MI,B2C,2024-12-17,Inactive,0,55
CUST-538,David Montgomery,kimberlywilson@example.org,578-861-4057,Central,OH,B2B,24-Aug-2021,Active,True,55
CUST-661,Denise Moore,,,East,,,01/15/2025,Active,1,68
CUST-039,Tony Vazquez,amydavenport@example.net,(827) 204-6537,East,PA,B2C,10/09/2023,Active,True,48
CUST-176,Raven Taylor,samantha72@example.net,8101438889,Central,FL,B2C,2025-06-10,Active,True,999
CUST-246,Jose Bryant,hansenemily@example.com,7842824172,East,AZ,B2C,04-Apr-2025,Inactive,NO,59
CUST-880,Alisha Roberts,,,East,,,06/27/2022,Active,YES,34
CUST-712,Ryan Hodges,deborah28@example.org,(217) 164-4556,North,NC,B2C,2025-07-11,Active,YES,36
CUST-802,Elizabeth Mccarthy,tjordan@example.net,(816) 202-8123,West,MA,Guest,09/30/2023,Active,1,44
CUST-912,Andrew Olson,ariel56@example.com,+13537038240,West,FL,B2C,10-Sep-2023,Churned,False,28
CUST-155,Maria Hernandez,thomasjames@example.net,554-033-1739,South,OH,Guest,2022-07-06,Active,True,44
CUST-288,Derrick Thomas,ryanfisher@example.com,+14053364525,West,GA,B2C,2021-06-03,Inactive,False,66
CUST-626,Victoria Camacho,dwatts@example.org,9585988310,South,CA,B2B,10/19/2020,Active,1,60
CUST-889,Edgar Alexander,goconnor@example.org,791-779-3238,South,CO,Guest,2025-11-14,Active,YES,46
CUST-570,Steven Wright,hclayton@example.net,+14840445669,North,GA,B2C,08/31/2023,Churned,False,51
CUST-791,Jesus Fitzgerald,aperez@example.com,(745) 667-6640,East,GA,B2C,15-May-2023,Active,True,58
CUST-018,Mr. Philip Cannon,donnaarroyo@example.org,+12978820812,North,MI,B2B,12/01/2020,Churned,NO,67
CUST-128,Tiffany Holloway,batesdarlene@example.net,+18878499121,West,PA,B2C,01/22/2022,Active,1,50
CUST-323,Anna Robertson,heather57@example.com,(461) 117-8006,Central,CO,Guest,03/16/2024,Active,1,69
C256,Erica Turner,valerieboyd@example.com,5483564208,West,TN,B2B,12/29/2023,Churned,NO,60
CUST-701,Douglas Lee,harveybrian@example.net,375-361-7061,West,WA,B2B,01/30/2023,Inactive,False,21
CUST-876,RONALD MYERS,alan66@example.com,(787) 495-1191,Central,CO,B2B,10-Nov-2021,Active,YES,61
CUST-191,Angela Walsh,william20@example.org,+17892975001,West,CA,B2B,2026-04-15,Churned,NO,20
CUST-116,Mark Oliver,courtneyberger@example.net,227-868-1447,South,MI,B2C,01/18/2024,Churned,NO,67
CUST-657,Morgan Mills,douglas18@example.net,(849) 837-3543,Central,WA,B2C,18-Jul-2021,Inactive,NO,27
CUST-607,Peter Farrell,singhjohn@example.net,+12762091843,East,GA,B2C,08/08/2021,Inactive,NO,34
CUST-181,Troy Stephens,myerstheodore@example.net,+19859696915,East,MA,B2C,19-Jul-2023,Active,1,32
CUST-302,Brenda Collins,hmueller@example.com,+12098180635,West,PA,B2B,02/06/2021,Active,YES,50
CUST-807,Sheila Wilson,andrewnguyen@example.com,669-459-6488,South,TX,B2C,2020-11-30,Active,1,30
CUST-758,Cody Hart,wadetiffany@example.org,(501) 027-2405,East,MI,B2C,03/01/2021,Active,True,41
CUST-880,ALISHA ROBERTS,,,East,,,06/27/2022,Active,YES,46
C782,Daniel Zavala,yvazquez@example.org,+19732449134,South,TX,B2B,2024-07-14,Inactive,NO,66
CUST-706,Jeremiah Vasquez,chelseywhite@example.com,9694591966,South,MI,B2C,2026-02-20,Churned,NO,31
CUST-518,Laura Coleman,thomas31@example.com,447-871-2552,North,MA,B2B,2025-11-08,Churned,0,35
CUST-373,Hunter Silva,terrigarcia@example.net,699-982-7950,North,CO,B2C,04/04/2025,Active,1,47
CUST-046,Mrs. Linda Reed,samuel81@example.com,+16808313678,South,AZ,B2C,21-Nov-2023,Inactive,False,40
CUST-964,Rebecca Lee,ubenson@example.net,+16758339205,West,GA,Guest,2021-04-09,Active,True,26
CUST-158,Eric Hill,bellcharles@example.com,5785477725,South,NY,B2C,24-Oct-2020,Active,True,68
CUST-941,Julie Ward,stephensonjeffrey@example.com,(307) 964-9673,West,MI,B2C,18-Jan-2022,Churned,False,62
CUST-172,Christopher Gonzalez,moniquewilliams@example.com,793-752-6547,Central,CO,B2B,2023-06-04,Active,1,32
CUST-017,Sandra Parker,allenashley@example.org,8474687234,South,CA,B2C,12/24/2025,Active,1,36
CUST-512,Carolyn Greer,laurahoover@example.org,2806958146,West,TX,B2C,05/13/2026,Churned,NO,37
CUST-049,Cheryl Ortega,lbyrd@example.net,+15435240824,North,CA,B2C,08/03/2024,Inactive,False,20
CUST-192,Jessica Martinez,kimberlydiaz@example.com,2632424154,North,PA,B2C,2025-07-01,Active,1,32
CUST-893,Jimmy Phelps,,6855245787,North,WA,Guest,11/20/2022,Inactive,0,39
CUST-516,Todd Gregory,xboyd@example.org,(761) 931-8374,East,CO,B2C,08/23/2023,Active,YES,60
CUST-947,Thomas Ramos,cheryl61@example.org,469-326-5732,West,PA,B2C,2020-10-17,Inactive,NO,54
CUST-731,Casey Floyd,erobertson@example.org,+16140703491,North,GA,B2C,2024-11-05,Active,True,62
CUST-481,Patricia Robertson,stucker@example.net,+18363212347,West,IL,Guest,2020-07-21,Active,YES,31
CUST-284,Christian Dawson,jodistewart@example.org,5268424508,Central,NY,B2B,09/07/2024,Active,YES,22
CUST-938,Megan Morrison,cameronanderson@example.org,4481323570,West,TX,B2C,2021-07-26,Active,YES,66
C698,Jessica Hull,matthew41@example.com,396-482-5311,North,OH,B2B,25-Mar-2024,Inactive,NO,68
CUST-226,William Evans,janet75@example.com,5271040541,North,PA,B2B,03-Oct-2023,Active,True,60
CUST-027,Dr. Steven Martin,gallowayjoseph@example.com,565-414-5868,East,CA,B2B,11/04/2022,Churned,NO,44
CUST-830,Elizabeth Mayer,kennethvillarreal@example.org,+18546968157,Central,CA,B2B,12/21/2025,Active,1,42
CUST-438,Craig Gonzalez,marie35@example.net,(510) 385-6955,West,MI,B2C,2021-02-01,Active,1,62
CUST-488,KARA FERGUSON,julierobles@example.net,5008931734,South,CA,B2C,11-Oct-2022,Active,1,31
CUST-365,Jacqueline Mccoy,aguilarjonathan@example.org,2817703886,North,NC,B2C,10-Mar-2021,Inactive,NO,65
CUST-230,Dana Santiago,danawilliams@example.com,+18256527047,West,IL,B2B,02/06/2024,Active,YES,25
CUST-038,Carlos Whitney,joycearnold@example.com,870-656-2729,Central,CA,Guest,2020-09-01,Active,1,75
CUST-670,Cynthia Sanchez,terrireyes@example.com,(850) 191-7920,South,PA,B2B,04-Mar-2023,Active,1,61
CUST-591,JACOB DURAN,,,East,,,2026-05-10,Active,YES,51
CUST-375,Sarah Thompson,linda59@example.org,(379) 469-5489,Central,PA,Guest,07/14/2022,Active,1,38
CUST-470,Sharon Newton,yyoung@example.net,8556503334,Central,TX,Guest,08/12/2025,Active,YES,41
CUST-0026,KIMBERLY SMITH,housemelinda@example.org,+15421607337,East,IL,B2C,2020-12-28,Churned,0,75
CUST-688,Julie Gross,,,West,,,03/21/2023,Inactive,NO,49
C904,James Mclaughlin,murphybrandi@example.com,6178996986,North,MI,B2B,04-Nov-2023,Inactive,NO,58
CUST-983,Cassandra Serrano,mjohnson@example.org,+15546147079,Central,CO,B2C,2021-06-07,Active,True,37
CUST-913,Brandi Taylor,qgill@example.com,932-043-0977,West,NC,B2C,05/31/2025,Active,True,60
CUST-195,Deborah Green,nlewis@example.com,4189092753,South,TN,B2C,09/23/2022,Inactive,False,33
CUST-908,Beverly Bush,bensonstanley@example.org,+18527155983,East,MA,B2C,02-Mar-2021,Churned,0,48
CUST-918,Daniel Gallegos,,,Central,WA,,03/07/2026,Churned,NO,71
CUST-504,Anthony Hooper,dakota84@example.net,+18174224386,East,MI,B2B,2023-03-23,Active,True,53
CUST-485,SUSAN RUSSELL,bmccoy@example.com,8124815698,East,GA,B2C,2020-10-29,Inactive,NO,55
CUST-883,Mary Anderson,ericvasquez@example.com,774-817-0066,West,MA,B2B,02/06/2022,Active,YES,44
C580,Jordan Parsons,bgross@example.net,(232) 484-1376,Central,TX,Guest,2025-04-28,Active,True,53
CUST-161,Robert Monroe,wagnergerald@example.org,3182339845,East,CO,B2C,02/25/2026,Active,YES,71
CUST-681,Nathan Tucker,iproctor@example.org,+13274747219,West,CA,B2C,11/01/2020,Active,1,30
CUST-163,Andrea Davis,umitchell@example.net,(859) 180-3397,East,CA,Guest,2025-02-20,Inactive,0,44
CUST-747,Matthew Bush,devonrogers@example.net,2941017590,South,PA,B2B,08/25/2020,Active,1,59
CUST-153,Ryan Sanchez,zwarren@example.com,470-866-8826,South,IL,B2B,2025-12-04,Active,True,39
CUST-894,Andrea Morgan,kholden@example.com,+17608213711,Central,AZ,B2C,09/17/2024,Churned,False,33
CUST-827,Heidi Baldwin,,,West,,,06-Sep-2025,Active,YES,54
CUST-803,Laura Henry,kalvarez@example.net,4872866041,West,IL,B2C,2022-09-27,Churned,0,54
CUST-112,Julie Roberts,charleslandry@example.net,+19758416169,South,NC,B2C,05/28/2024,Active,True,39
CUST-227,Rebecca Hill,berryamy@example.com,(359) 970-6296,South,CA,B2B,01-Jul-2022,Active,True,53
CUST-733,Sheila Bennett,charlesrichards@example.org,953-666-1449,East,NY,B2C,12/28/2020,Inactive,False,35
CUST-104,Amanda Garner,qhughes@example.net,4613750606,Central,PA,B2B,21-Oct-2021,Churned,NO,18
CUST-422,David Stokes,staceylam@example.net,292-791-4560,Central,FL,B2B,12/27/2020,Churned,False,71
CUST-420,James Johnson,matthewreeves@example.net,458-273-9021,Central,OH,B2C,2021-12-17,Active,YES,20
CUST-998,Hunter Robinson,staffordamanda@example.com,314-716-5609,East,PA,B2C,20-Jun-2024,Active,1,20
CUST-587,Angela Lewis,garciajerry@example.com,861-331-5520,West,WA,B2C,23-Oct-2024,Active,True,42
CUST-828,Melissa Mccormick,johnnycruz@example.net,444-123-3613,South,WA,B2C,05/18/2024,Inactive,False,40
CUST-673,Eric Sullivan,jenningscandace@example.com,+15624186236,Central,CA,B2B,28-Dec-2020,Active,1,60
CUST-120,Michael Craig,zcoffey@example.net,+14268018242,South,PA,Guest,12/06/2024,Active,True,31
CUST-054,Abigail Potter,osbornejeffery@example.net,+19134936183,South,TN,B2C,13-Nov-2021,Active,YES,42
C152,Donna Sullivan,george97@example.net,9056856624,West,NY,B2C,31-Oct-2022,Active,YES,36
CUST-404,Jamie Montgomery,vwilliams@example.net,476-637-2395,North,WA,B2C,30-Mar-2023,Inactive,False,51
CUST-272,JUAN SMITH,amanda40@example.net,8846081062,North,WA,B2B,02-May-2023,Active,True,75
CUST-208,John Harris,larryhiggins@example.net,(264) 138-3670,South,AZ,B2C,2020-10-06,Active,YES,44
CUST-659,Felicia Small,meyerdonna@example.com,604-226-9312,North,OH,B2B,30-Jun-2025,Churned,0,64
CUST-897,Lisa Thomas,ngriffin@example.net,834-064-6867,West,PA,B2B,14-May-2025,Churned,NO,23
CUST-810,Gina Mendez,tara37@example.net,967-548-1386,West,CO,B2C,04-Jun-2023,Active,True,64
CUST-009,Margaret Hawkins DDS,perezantonio@example.com,(651) 462-7048,South,NC,Guest,06-Sep-2022,Churned,NO,25
CUST-929,Joseph Jones,fosterdavid@example.org,2803149982,East,AZ,B2B,2022-02-03,Active,True,55
CUST-037,Danielle Odonnell,davisrodney@example.com,2967054668,Central,CO,B2C,2025-07-10,Active,1,31
CUST-453,Jillian Wilson,bmcgee@example.org,+19652132833,Central,MI,B2C,2023-02-04,Churned,False,65
CUST-652,Emily Herrera,barbararivera@example.com,624-090-3678,Central,TX,B2B,15-Mar-2022,Inactive,False,44
CUST-254,Andrew Harper,sanchezbradley@example.com,(210) 016-7618,East,GA,B2C,22-Aug-2021,Active,YES,34
CUST-304,Brian Marsh,zacharyarnold@example.com,+17621372138,West,CO,B2C,2020-07-16,Active,YES,48
CUST-794,Timothy Levine,coxjames@example.org,455-638-3000,Central,TX,B2C,2023-12-13,Inactive,0,18
CUST-572,Mrs. Melanie Collins,eric08@example.net,8377805292,East,AZ,B2B,14-Jul-2023,Inactive,NO,35
CUST-624,Julie Banks,melissahenry@example.org,(408) 751-0293,South,TX,B2C,03/17/2021,Churned,0,55
C755,Stephanie Parker,jeremy54@example.org,+12107835674,South,CA,Guest,25-Feb-2023,Active,YES,25
CUST-765,Terri Kerr,,,East,,,2022-04-24,Active,True,60
CUST-263,Christy Lee,burgesskaren@example.org,(487) 721-7535,East,CA,B2C,03/23/2022,Active,1,45
CUST-611,Amy Pena,jonesdonna@example.net,843-471-2871,East,MA,B2B,2025-02-20,Active,YES,18
C298,David Ortega,deborahwilliams@example.net,4369292984,South,AZ,B2C,2025-11-22,Churned,0,71
C415,David Trujillo,jennifer46@example.com,+18157173203,North,AZ,Guest,05-Jan-2024,Active,1,66
CUST-151,Amanda Smith,atkinsbarbara@example.net,+17342836440,Central,MI,Guest,01-Nov-2020,Churned,0,20
CUST-836,Brandi Thompson,lauren31@example.com,(950) 954-6540,Central,IL,B2B,2023-02-11,Active,True,38
CUST-641,Michael Carr,tammycurry@example.com,4560531340,South,OH,B2C,11/27/2022,Active,YES,35
CUST-944,Jeffrey Johnson,mary31@example.com,9555628333,South,MI,B2B,2024-02-27,Churned,NO,65
CUST-551,Mark Thomas,daniellemcfarland@example.com,+15173505831,Central,MI,B2C,2022-09-10,Active,1,24
CUST-856,Mrs. Jacqueline Hickman,hooderic@example.org,(795) 442-9477,East,NY,B2C,02/10/2022,Inactive,NO,26
CUST-489,Elizabeth Eaton,susan08@example.net,+13529108677,North,FL,B2C,03/05/2022,Active,1,71
CUST-711,Mr. Timothy Howard,richard15@example.net,+18390409074,South,MA,Guest,25-Apr-2025,Active,YES,27
CUST-148,Douglas Gregory,trose@example.org,712-868-2300,East,GA,B2C,01-Feb-2021,Active,YES,999
CUST-147,Jeremy Coleman,nperry@example.net,(904) 622-6567,West,OH,B2B,09/14/2020,Churned,False,36
CUST-966,Robert Salas,fclark@example.com,431-067-2453,North,GA,B2C,05/16/2022,Active,YES,47
CUST-989,Donna Ibarra,treed@example.com,+12971231660,North,GA,B2C,2023-11-11,Active,True,22
CUST-787,Michelle Brandt,rachelmedina@example.net,+15183061789,South,AZ,B2B,12/26/2024,Active,YES,54
CUST-660,Margaret Clark,jameshill@example.com,4091660100,South,FL,B2C,07/16/2020,Active,YES,59
CUST-349,Amanda Roy,brandoncox@example.org,(804) 805-8925,Central,AZ,B2B,10-Oct-2021,Active,YES,69
C464,Kayla Cameron,jennifer83@example.org,+18579678427,North,TX,B2C,08-Jan-2024,Active,True,26
CUST-326,Kylie Washington,patricia00@example.org,6578317456,East,NY,B2C,07-Jun-2022,Active,1,23
CUST-187,James Gonzales,lmorgan@example.com,(595) 962-9233,North,MI,B2C,03/15/2025,Active,True,34
CUST-124,Tracy Torres,pwilson@example.net,+17625881537,North,IL,B2C,08-Nov-2022,Active,True,60
CUST-907,Melissa Gould PhD,jcolon@example.net,+17534705742,South,NC,B2C,23-Mar-2024,Active,YES,20
CUST-609,Christina Mills,ana92@example.net,(871) 649-3289,Central,CA,B2B,2021-08-29,Inactive,0,56
CUST-144,Michael Parker,michael22@example.net,5391878519,North,CA,B2C,04-Jan-2022,Churned,False,64
CUST-752,Kathleen Golden,cartertara@example.net,+17124189389,Central,IL,B2C,2022-01-22,Active,YES,50
CUST-651,MR. STEVEN HERRERA,steven60@example.net,685-571-6176,Central,TN,Guest,2024-04-12,Inactive,NO,35
CUST-198,Curtis Taylor,jjohnson@example.net,(255) 269-6582,West,CO,B2B,17-Jun-2023,Active,YES,45
CUST-610,Kevin Alvarado,scottbrian@example.org,+19271783332,North,TX,B2C,06-Aug-2024,Inactive,False,49
CUST-280,Sarah Rhodes,patrick21@example.net,+19704358112,Central,NC,B2B,16-Oct-2023,Active,True,25
CUST-294,Nicholas Hahn,samuelcarter@example.net,+13846386557,West,TN,B2C,04-Jan-2025,Active,YES,39
C884,David Hawkins DVM,,,South,,,01/24/2026,Active,YES,25
CUST-401,Shannon Stone,buchanancindy@example.net,+17442094940,West,MI,B2B,2023-09-29,Active,1,71
CUST-123,Maria Reid,tblankenship@example.net,+15647102767,West,FL,B2C,2022-05-16,Active,True,61
C184,Chad Baldwin,mjohnson@example.org,+19236887676,West,GA,B2B,04/11/2023,Active,True,55
CUST-203,Stephanie Singleton,james84@example.org,+13778507925,South,IL,B2C,25-Jun-2022,Churned,NO,35
CUST-439,Joshua Lozano,arivera@example.org,6924243754,North,NY,B2C,2022-11-12,Active,YES,34
C247,Robert Reese,williamsmelvin@example.org,713-534-6554,Central,IL,B2C,29-Sep-2024,Active,YES,33
CUST-416,Daniel Turner,asilva@example.net,6787005050,West,TX,B2B,07/07/2025,Inactive,0,999
CUST-824,Erin Silva,,,North,NY,Guest,20-Feb-2021,Active,YES,71
CUST-931,Daniel Haley,allen20@example.net,713-739-9006,South,TN,B2C,05/18/2024,Churned,False,54
CUST-961,Julian White,thompsonjose@example.org,313-253-2694,Central,OH,B2C,19-Sep-2024,Active,1,70
CUST-955,Craig Gonzalez,kristenpeterson@example.net,(246) 376-6046,East,PA,B2C,23-Jul-2025,Churned,False,32
CUST-942,Emily Myers,christopher90@example.net,4785324264,South,PA,B2C,2025-12-01,Active,1,28
CUST-130,Crystal Schroeder,ramireztracey@example.org,726-949-5888,West,AZ,B2C,2023-12-04,Active,YES,51
CUST-638,Kevin Alvarez,mramos@example.net,(834) 807-9705,North,MI,B2C,13-Sep-2025,Active,YES,43
CUST-403,Sheryl Humphrey,patrick79@example.net,(492) 752-4372,Central,MA,B2B,13-Feb-2025,Churned,False,56
CUST-217,GARY WELLS,ghernandez@example.org,583-806-5787,East,TN,B2C,2020-09-04,Active,YES,24
CUST-818,Debra Mitchell,jonathanburke@example.com,2448515791,Central,TN,B2C,03/17/2024,Active,True,35
CUST-736,Jason Wolf,oliviamunoz@example.net,(261) 294-3985,South,MI,B2C,26-Jan-2021,Active,True,42
CUST-968,Karen Sosa,zadams@example.net,+15873670425,East,WA,B2C,09/05/2024,Active,True,60
CUST-220,Melissa Johnson,pbaker@example.net,+14937842701,North,FL,B2C,09-Mar-2025,Active,YES,60
CUST-642,Edwin Richardson,wwilkins@example.com,(574) 167-8725,West,NC,B2C,12/29/2025,Inactive,False,25
CUST-970,Laura Walls,jonathan12@example.org,948-595-3259,South,AZ,B2C,2022-03-29,Active,YES,32
CUST-800,Dennis Cooper PhD,cisnerosanthony@example.com,469-789-3074,West,IL,B2C,05/18/2024,Inactive,NO,67
CUST-855,Thomas Sanchez,vrhodes@example.org,6547574949,North,CO,B2B,01/02/2025,Active,YES,75
CUST-975,Alexa Evans,,,South,,,2024-11-04,Active,YES,64
CUST-625,Jason Novak,stephanie33@example.org,(384) 582-6034,North,NC,Guest,05/22/2021,Active,True,25
CUST-891,Gloria Wagner,adamsjennifer@example.com,+17652906032,North,NY,B2C,11/16/2021,Inactive,False,31
CUST-808,Jose Fisher,dominguezbrianna@example.com,449-128-9659,Central,MI,B2C,2024-05-08,Inactive,NO,29
CUST-387,James Poole,franciscojones@example.org,3662997954,East,MA,B2B,09/11/2025,Inactive,False,19
CUST-890,CHAD ALLISON,xmontes@example.org,(364) 913-3424,East,AZ,Guest,15-Apr-2024,Inactive,0,55
CUST-510,Kenneth Brown,sandra86@example.net,977-079-3349,West,CA,B2C,07-Mar-2024,Active,True,66
CUST-268,Juan Harding,jonathan77@example.com,9351609177,Central,NC,B2B,10/28/2023,Active,1,24
CUST-869,Jordan Santiago,matthew23@example.org,945-245-5574,West,MI,B2C,2022-03-11,Active,1,53
CUST-442,Heather Rhodes,grodgers@example.org,720-885-4749,South,CO,B2C,2025-08-26,Churned,False,27
CUST-497,Matthew Miller,michele28@example.org,(787) 771-2151,South,MA,B2C,2023-04-30,Inactive,False,63
CUST-113,Melissa Bryant,james67@example.org,+16479627570,East,MI,Guest,14-Mar-2022,Active,True,18
CUST-692,Brittany Griffin,josehaynes@example.com,+14765289286,West,IL,B2C,06/14/2021,Inactive,NO,34
CUST-233,Sarah Johnson,robertmonroe@example.org,532-061-6329,East,PA,Guest,10/19/2021,Churned,NO,42
CUST-923,Paul Cruz Jr.,floresangela@example.org,(712) 397-2835,North,MA,B2C,03-Dec-2023,Active,True,44
CUST-608,Samantha Smith,torresthomas@example.com,8305050573,Central,GA,B2C,19-Dec-2025,Active,True,59
CUST-672,Michelle Copeland,vargassteven@example.net,(209) 282-0667,Central,AZ,B2C,06/03/2024,Churned,0,46
CUST-374,Raven Mclaughlin,barbaramcgrath@example.com,8814721458,West,NC,B2B,11/07/2021,Active,YES,42
CUST-664,James Bush,tjensen@example.com,+12922685926,South,TN,B2C,09/15/2022,Active,1,41
CUST-896,Jennifer Blackwell,jennifer55@example.org,285-838-2521,South,WA,B2C,29-Aug-2025,Active,True,25
CUST-234,Jon Zuniga,nancy04@example.net,(886) 854-8709,Central,NC,B2C,05/22/2026,Active,1,53
CUST-833,Jason Daniel,shawn00@example.net,(351) 602-5298,West,WA,B2C,2021-12-21,Active,True,30
CUST-677,Kayla Abbott,bryan80@example.org,5565215681,Central,CO,B2C,26-Nov-2023,Active,YES,27
CUST-318,Patricia Young PhD,michelle96@example.org,774-489-0612,North,FL,B2C,15-Jan-2023,Active,1,52
CUST-649,Erica Smith,matthew99@example.org,759-895-3439,West,TX,Guest,2022-04-02,Active,True,71
CUST-411,Andre Watson,ethompson@example.net,827-128-6391,West,AZ,B2C,20-Mar-2024,Active,YES,49
C953,Heather Silva,dylanparker@example.com,(909) 962-5438,East,NC,Guest,2023-06-26,Active,True,70
CUST-710,Karen Powell,fernandezaaron@example.net,(865) 533-0770,East,OH,B2B,26-Aug-2024,Active,1,36
CUST-359,Ronnie Nguyen,enelson@example.org,4168936392,West,IL,Guest,17-Dec-2025,Active,True,48
CUST-259,Kara Atkinson,meredith27@example.org,455-794-1552,North,OH,B2C,31-Aug-2022,Active,YES,34
CUST-745,Jeffery Nelson,kristinmiller@example.com,4988425995,Central,MI,B2C,2022-05-27,Active,YES,67
CUST-628,Rachel Meyer,cbryant@example.org,6628314359,Central,MI,B2B,07/23/2023,Inactive,False,26
CUST-633,Carly Quinn,wilsonshannon@example.com,872-757-8446,Central,AZ,Guest,18-Apr-2024,Inactive,NO,65
CUST-283,Michael Guerrero,bartonkenneth@example.org,(215) 814-4914,West,OH,B2C,19-Jan-2026,Inactive,NO,33
CUST-377,Andrew Brown,andrewwoods@example.com,860-558-3034,East,CO,B2B,29-Aug-2023,Active,YES,41
CUST-385,Gabriela Smith,johnjones@example.com,+14410988138,East,NC,B2C,06/04/2024,Active,YES,54
CUST-225,Michelle Schneider,chelsea33@example.com,(610) 067-6267,West,PA,B2C,2022-07-13,Active,1,52
CUST-543,JOSHUA YOUNG,,,Central,,,31-Jan-2024,Active,YES,24
CUST-895,Mary May,levinetina@example.net,+18818268323,North,FL,B2C,2020-10-09,Active,True,57
CUST-473,Nancy Gonzalez,kellythompson@example.net,656-371-8344,North,IL,Guest,12-Aug-2022,Active,YES,34
CUST-348,Holly Scott,shannonemily@example.org,(609) 610-5566,North,MA,B2C,28-May-2023,Inactive,False,24
C506,Kelli Gomez,tommy79@example.org,4601645977,Central,CO,B2C,08/30/2022,Churned,NO,37
CUST-640,Andrew Lane,mark10@example.org,4437654562,Central,CO,B2C,07/02/2022,Churned,NO,31
CUST-114,LAURA HANEY,andrew64@example.org,(858) 202-9702,North,FL,B2C,10/29/2021,Active,YES,52
CUST-798,Kathleen Johnson,patrickshelton@example.org,+16883607658,North,GA,B2B,2024-10-31,Churned,False,67
CUST-986,Sharon Anderson,,,East,TN,B2B,2020-10-25,Active,True,45
CUST-960,Amanda Johnson,,,South,FL,,02-Dec-2023,Churned,False,30
CUST-620,Brooke Jones,whitemary@example.org,+18263013674,Central,NY,B2C,05-May-2024,Active,True,54
CUST-909,Jaclyn Crane,xrodriguez@example.net,(859) 726-3475,East,CO,B2C,19-Nov-2024,Active,YES,62
CUST-852,John Wilson,wwilliams@example.net,(268) 761-6481,Central,WA,Guest,24-Mar-2023,Inactive,0,22
CUST-646,Katherine White,jeanettekrause@example.org,809-310-6684,South,FL,B2C,07/11/2023,Active,True,31
CUST-900,Kelly Sherman,,,Central,,,12/17/2020,Active,1,68
CUST-557,Ellen Wright,scott22@example.net,588-065-3331,East,FL,B2C,05/02/2024,Inactive,NO,64
CUST-454,JOSHUA PETERSEN,pamela83@example.net,(911) 207-5452,West,TN,Guest,2022-10-29,Active,True,28
CUST-578,Karina Kim,amy73@example.net,+12271693859,West,GA,B2C,03/19/2021,Active,YES,30
CUST-796,Terri Kelly,garcher@example.com,(386) 008-9219,West,FL,B2C,12/10/2024,Churned,0,19
CUST-086,Jessica Carroll,lynchjody@example.org,(602) 445-5022,Central,WA,B2C,10-Mar-2022,Active,1,49
CUST-243,Melanie Larson,foxallison@example.com,8910858994,East,WA,B2B,2025-05-11,Active,True,45
CUST-699,Raymond Curry,aprilbyrd@example.org,396-027-5233,East,FL,B2C,05/01/2024,Active,YES,74
CUST-928,Mr. Ryan James,megan39@example.net,6666617071,East,NC,B2C,01/03/2026,Active,YES,50
C160,Nancy Williams,marcalvarez@example.org,9008860084,Central,IL,B2B,21-Nov-2023,Inactive,0,48
CUST-525,Kyle Davis,jeffrey19@example.org,+12174907539,Central,AZ,Guest,05/06/2025,Active,1,18
CUST-036,Juan Nelson,jenniferharris@example.net,+13223623166,East,NC,B2C,05-Feb-2021,Active,1,63
CUST-541,Todd Johnson,phillip27@example.org,6653984028,Central,TX,B2C,2023-07-24,Active,YES,68
CUST-171,Stephanie Lee,smurray@example.com,324-065-9657,East,OH,B2C,2026-03-14,Churned,False,55
CUST-655,David Hayes DVM,aliciathompson@example.com,+16033810595,East,TX,Guest,11/21/2022,Churned,False,31
CUST-945,Anthony Cook,sherryparsons@example.net,+18543627187,East,TN,B2C,2021-11-01,Inactive,False,24
CUST-911,Amber Shannon,jason70@example.org,396-425-8562,West,TX,B2C,04/04/2021,Inactive,False,52
C901,Raymond Barber,dennismckenzie@example.com,(921) 540-6417,West,MI,B2B,17-Dec-2023,Inactive,0,56
CUST-335,BRIAN GOODWIN,bbell@example.com,332-719-5005,South,AZ,B2C,2025-07-26,Active,YES,71
CUST-734,Timothy Gibson,dbrooks@example.net,+14342683441,East,MI,Guest,30-Sep-2025,Active,YES,71
CUST-096,Krista Gibson,johnny16@example.net,(879) 807-9359,West,NC,B2B,28-Jan-2026,Active,1,49
CUST-564,Maria Clayton,josehenderson@example.org,(628) 973-1791,South,NC,B2C,26-Nov-2021,Churned,False,61
CUST-241,Elizabeth Mendez,susanmendoza@example.com,(260) 293-3334,West,NC,B2B,2021-02-09,Inactive,False,18
CUST-743,Lauren Bray,tingram@example.com,+19052774025,Central,MA,Guest,02/28/2023,Active,1,26
CUST-864,John Walker,sarahrose@example.net,(817) 399-7046,Central,IL,B2C,24-Aug-2020,Active,YES,52
CUST-575,Jacqueline Davis,vincentparks@example.com,+14182097023,North,TN,Guest,04/04/2023,Active,YES,64
CUST-691,Darlene Gilbert,michaela01@example.net,(704) 481-7766,East,PA,B2C,2020-11-12,Active,1,21
CUST-461,Sara Webb,heatherthompson@example.org,(916) 479-4738,West,IL,Guest,2020-09-11,Active,YES,63
CUST-554,Jennifer White,martinezjimmy@example.com,8991507859,South,TX,B2B,2023-12-05,Active,1,19
CUST-858,Erika Dennis,jasonwilliams@example.net,4529858567,South,MA,B2C,2024-05-05,Active,1,44
CUST-974,Gary Turner,,,West,,,08/10/2021,Inactive,0,25
CUST-207,David Aguirre,eevans@example.net,797-383-2060,South,NC,B2C,2024-04-04,Inactive,NO,52
CUST-393,Mark Rowland,tanthony@example.com,9013290227,Central,IL,B2C,2020-12-26,Active,YES,65
CUST-795,Barbara Massey DDS,kathy99@example.com,(640) 330-4166,South,MA,B2C,12/23/2023,Active,1,27
CUST-871,Jared Sandoval,nturner@example.com,+15398741132,East,AZ,B2C,04-May-2024,Inactive,0,63
CUST-398,Kellie Duncan,davidtodd@example.org,7326909738,East,OH,Guest,2020-08-12,Active,YES,47
CUST-767,Donna Shaffer,achandler@example.org,+15609149851,West,NY,B2C,2026-05-12,Inactive,0,69
CUST-902,Anthony Curtis,,,West,,,2024-03-02,Churned,0,52
CUST-218,Carla Ewing,brittney88@example.net,+12593040785,Central,FL,Guest,05/16/2022,Active,1,67
CUST-005,Monica Herrera,smiller@example.net,+16192832764,Central,FL,B2C,01/11/2024,Inactive,0,999
CUST-769,Denise Thompson,wpage@example.org,640-580-9351,North,NC,B2C,06/11/2020,Active,1,65
CUST-643,John Martinez,mark68@example.org,3102258030,East,OH,Guest,06/19/2025,Inactive,NO,54
CUST-952,Charlene Taylor,brownlarry@example.com,+17122946213,East,IL,B2C,04/18/2023,Churned,False,29
CUST-613,Ethan Delacruz,lopezvincent@example.com,395-256-9040,Central,NC,B2B,07-Apr-2026,Active,YES,43
CUST-739,Daniel Pennington,robinvillanueva@example.com,607-931-1029,North,NC,B2B,2021-11-22,Active,YES,48
CUST-547,Rachel Evans,rosshannah@example.org,599-921-9212,East,TN,B2C,05-Jul-2023,Active,True,59
CUST-726,Christopher Holt,jennifersalazar@example.org,+14211457758,East,WA,B2C,02/09/2023,Active,YES,37
CUST-972,Mr. Alexander Alexander III,howardchristopher@example.net,+19634250733,North,PA,B2C,08/11/2022,Active,1,26
CUST-684,Jonathan Jenkins,arthur09@example.com,3577871121,West,CO,B2C,27-Jun-2025,Active,True,72
CUST-099,Cynthia Moore,tranchristopher@example.org,+18291486528,North,WA,B2C,2026-03-31,Active,YES,64
CUST-805,Russell Bailey,hubbardcolleen@example.com,428-705-6227,North,CA,B2C,2020-07-28,Active,1,999
CUST-728,Victoria Romero,qtownsend@example.org,+12396531361,East,TN,B2C,2024-02-13,Active,YES,32
CUST-574,Donald Wilson,albertwilliams@example.net,+18636186371,East,MI,Guest,09-May-2022,Active,True,68
CUST-407,Matthew Lopez,robinrussell@example.com,5938525800,North,CA,B2C,2022-01-08,Active,1,25
CUST-503,Dennis Young,aprilmoody@example.com,4661085732,West,NC,B2C,2024-12-22,Active,YES,37
CUST-048,Mary Martinez,william65@example.com,+19444313518,South,FL,B2B,2025-12-06,Active,YES,21
CUST-033,Alexandra Howell,jonesjason@example.com,(893) 676-3201,West,FL,B2B,2025-12-24,Churned,0,64
CUST-780,Karen Collins,don79@example.net,6134750988,Central,NC,B2C,04/26/2025,Active,YES,69
CUST-840,Thomas Chavez,twilson@example.org,+15059736424,Central,WA,B2B,19-Sep-2024,Active,YES,40
CUST-201,Haley Humphrey,katrinaanderson@example.net,516-179-9042,North,CA,B2C,02/08/2023,Inactive,False,69
CUST-135,Jill Lam,charlene12@example.com,+17844198665,South,IL,B2B,2021-01-19,Churned,NO,57
CUST-028,Monica Logan,smoore@example.org,601-965-5698,North,OH,Guest,12-Feb-2022,Active,True,25
CUST-934,Christopher Tate,martinezmitchell@example.org,9231112712,Central,PA,B2B,05/15/2025,Inactive,NO,45
CUST-231,Michael Taylor,richarddonovan@example.com,(315) 869-3806,Central,OH,Guest,05/22/2022,Inactive,NO,72
CUST-490,Kenneth Long,torreskaitlin@example.net,+19626393436,South,OH,B2C,2021-04-02,Active,YES,66
CUST-773,Patrick Perkins,ooneill@example.net,(297) 887-5439,East,TN,B2B,16-May-2026,Active,YES,54
CUST-379,Sarah Valencia,brookssheri@example.com,(472) 785-7608,East,MI,B2C,28-Nov-2025,Active,YES,75
CUST-289,Tony Le,mwheeler@example.com,3291428341,North,TN,B2B,06-Feb-2025,Active,YES,35
CUST-419,Lindsay Guerrero,jenniferrios@example.com,765-198-2530,Central,NY,B2C,2025-03-28,Active,1,69
CUST-675,Mary Chavez,peter97@example.org,+15428113904,South,NC,B2B,04/07/2025,Churned,0,72
C392,Isaac Patterson,madison97@example.org,(919) 975-8172,East,OH,B2B,11-Jun-2025,Active,1,44
CUST-593,Duane Smith,victoriaturner@example.com,7270171302,South,NY,B2B,28-May-2020,Active,True,26
CUST-499,Christy Johnson,amy87@example.net,(791) 520-1777,East,MI,B2C,2023-11-17,Active,1,54
CUST-139,Kara Davis,daviscolin@example.net,(924) 004-9915,East,GA,Guest,2026-02-16,Active,True,67
CUST-063,Michael Powell,marycalhoun@example.net,+18753396360,East,AZ,B2C,2020-07-30,Churned,False,73
CUST-472,Priscilla Berg,rhondabush@example.net,(896) 591-7135,West,NC,B2C,2021-11-29,Inactive,0,24
CUST-648,Robert Lewis,hannahking@example.org,+16749162475,East,IL,B2B,09/04/2020,Inactive,False,25
CUST-129,Gavin Zhang,caseyhubbard@example.org,+15986800025,West,NC,B2C,03/26/2026,Active,True,35
CUST-0014,PATRICIA PETERSON,ryan70@example.net,9631165667,North,WA,B2C,09/18/2025,Active,YES,74
CUST-521,Krystal Carr,afischer@example.net,260-290-8466,Central,MA,B2C,2021-12-21,Inactive,0,26
CUST-839,David Davis,george91@example.org,(354) 660-2416,North,CO,B2B,2022-10-24,Active,1,39
CUST-573,MR. ISAAC WILLIAMS,teresayoung@example.com,+15666845909,North,TN,B2B,2021-02-19,Churned,0,53
CUST-065,Garrett Gibson,kathleen64@example.com,4174596158,West,PA,B2C,30-Jun-2021,Churned,0,46
CUST-813,Daniel Flynn,william46@example.net,4037583094,East,TX,Guest,2025-03-19,Churned,0,66
CUST-015,Jonathan White,harrellkenneth@example.net,(713) 338-7262,East,GA,B2B,2025-08-29,Churned,NO,64
CUST-157,Kristy Reid,michelle52@example.com,+18093204899,West,IL,B2B,2023-02-06,Active,True,58
CUST-041,Justin Baxter,sarayoung@example.org,919-374-5299,North,CO,B2C,05/28/2024,Churned,0,20
CUST-493,Craig Carpenter,michael31@example.com,(689) 646-5280,Central,NY,B2C,06/08/2024,Active,True,52
CUST-380,Frank Daugherty,fconner@example.net,(751) 240-5682,Central,MI,B2C,12/03/2023,Active,YES,20
CUST-188,Robert Adams,acostachristian@example.net,649-481-2604,South,AZ,Guest,2024-07-23,Active,1,18
CUST-764,Jill Powers,daughertypreston@example.com,(860) 186-4876,Central,AZ,B2C,2020-07-16,Active,YES,73
C217,Gary Wells,ghernandez@example.org,583-806-5787,East,TN,B2C,2020-09-04,Active,True,37
CUST-922,Steven Scott,williamsjohn@example.net,(609) 080-5120,Central,CA,B2B,30-Dec-2020,Active,YES,68
CUST-792,Scott Jacobson,xcrosby@example.org,(963) 928-3199,East,NY,B2C,2026-04-26,Active,1,49
CUST-053,Miss Patricia Gibson,jennifercruz@example.com,323-281-2067,Central,GA,B2C,2020-09-06,Active,YES,34
CUST-879,Debra Wong,nwilson@example.net,+19395923234,South,TX,B2B,12-Nov-2023,Active,YES,20
CUST-338,Jonathan Wheeler,hatfieldsarah@example.org,+12862095935,North,WA,Guest,2023-05-17,Inactive,NO,66
CUST-749,Michael Ramirez,watsonshaun@example.net,(330) 205-6981,East,NY,B2C,10-Jul-2022,Churned,False,42
CUST-720,Lisa Brown,ronaldcain@example.net,6181563268,West,NC,B2C,2021-02-02,Active,YES,66
CUST-725,Robert Barton,jamiebowman@example.net,320-957-9073,West,TX,B2B,2025-09-23,Active,True,40
CUST-296,James Cole,iaguilar@example.net,3777392603,North,NY,B2C,2021-04-30,Active,True,50
CUST-702,Tiffany Little,millercassandra@example.com,9224029901,East,PA,B2C,2024-05-06,Active,True,65
CUST-252,Kim Morrow,stevenmoore@example.org,(678) 985-6257,East,CO,B2B,2024-06-12,Churned,0,65
CUST-727,Hannah Smith,jamesdowns@example.org,(658) 971-4802,West,MA,B2B,2024-03-02,Churned,False,59
CUST-462,Lisa Morris,mbarnes@example.net,(720) 716-7811,South,OH,B2C,2021-01-09,Active,YES,23
CUST-456,Heidi Chavez,malonejeffrey@example.com,(276) 031-0890,West,TX,Guest,01/03/2024,Active,1,19
CUST-271,Alexa Wagner,bruce97@example.net,+15339452288,East,AZ,B2B,17-Oct-2021,Active,YES,37
CUST-816,Rhonda Farrell,umichael@example.net,(251) 843-9055,South,TN,Guest,2022-01-05,Inactive,NO,62
CUST-863,Ann Henderson,christina66@example.org,(337) 171-7318,Central,FL,B2C,2022-01-06,Active,1,44
CUST-270,Sara Jones,duranrobert@example.net,5465472269,Central,IL,B2C,2026-02-24,Active,YES,36
CUST-202,Caleb Hernandez,fernandodonovan@example.org,788-425-2410,East,CO,B2C,2025-11-14,Active,YES,69
CUST-162,Kelly Bishop MD,paul59@example.org,5341016668,West,CA,B2C,2024-08-26,Inactive,0,74
CUST-556,James Hubbard,garciachristine@example.org,885-498-2274,Central,PA,B2C,2023-09-12,Churned,False,31
C730,Jackson Clark,matthew70@example.org,(995) 410-7272,Central,IL,B2C,2025-12-10,Inactive,False,30
CUST-402,Chase Knight,buckleyanna@example.org,+12471281442,Central,IL,B2C,04-Feb-2025,Active,1,24
CUST-703,Kylie Coffey,dominguezjon@example.com,(613) 908-0882,South,MA,B2C,05/05/2024,Churned,NO,47
CUST-477,Kelly Krueger,hartmanerik@example.net,666-513-6442,East,WA,B2C,11/03/2020,Active,1,74
CUST-822,Troy Mosley,sandersmary@example.org,828-936-5435,Central,NC,B2C,03/12/2022,Inactive,False,43
CUST-772,Christopher Knox,anthonyhubbard@example.com,+18902611398,Central,WA,B2C,05/26/2024,Active,True,22
CUST-106,Charles Pitts,charlesharrington@example.com,(528) 986-1434,North,CA,B2B,2025-11-13,Active,YES,41
CUST-566,Chad Rodriguez,rwilliamson@example.net,(537) 363-4669,South,TN,B2C,07/14/2021,Active,1,33
C390,Brooke Garcia,terriortiz@example.net,+14816158148,West,OH,B2C,24-May-2021,Active,True,59
CUST-002,Brandon Hall,hoffmanjennifer@example.net,(586) 379-4026,East,IL,B2B,13-Dec-2023,Churned,False,63
CUST-995,Adam Wilson,markgoodman@example.com,(390) 482-3571,East,AZ,B2C,16-Jul-2025,Active,YES,18
CUST-317,DANIELLE GOLDEN,colemichael@example.org,514-386-6322,West,CO,B2B,27-Oct-2024,Active,YES,71
CUST-562,Adam Weeks,xevans@example.com,(547) 355-2896,North,TX,B2B,2022-06-20,Churned,0,70
CUST-932,Megan Gutierrez,ifarmer@example.org,(726) 356-0229,South,MI,B2C,04/07/2023,Churned,NO,35
CUST-081,Diane Garcia,kennethward@example.com,+12076617711,East,MI,B2B,2026-04-07,Active,True,68
CUST-206,Kenneth Montgomery,jimenezcourtney@example.com,(374) 451-8705,South,IL,B2C,2021-12-29,Active,True,75
CUST-035,Kendra Contreras,sarah12@example.com,9743487347,North,AZ,B2C,04/23/2026,Active,YES,999
CUST-943,Tina Stark,frankcollins@example.net,+12768362536,West,TN,B2C,10/04/2021,Inactive,False,19
CUST-776,Mark Jones,katiewhite@example.org,(882) 973-2702,North,OH,B2C,2020-09-11,Active,1,33
CUST-509,Roy Johnson,andersonbrittany@example.org,572-368-3147,South,GA,B2C,09/01/2021,Active,YES,43
CUST-428,Anita Mendez,epowell@example.com,+13776253492,Central,TN,B2B,05/06/2023,Churned,False,70
CUST-455,Heidi Brown,meganrivera@example.net,+16013223423,South,TX,B2C,06/07/2024,Inactive,False,44
CUST-706,JEREMIAH VASQUEZ,chelseywhite@example.com,9694591966,South,MI,B2C,2026-02-20,Churned,NO,75
CUST-367,Amber Glass,zunderwood@example.com,3298266570,South,GA,B2C,02/20/2021,Inactive,0,71
C92,Lindsey Johnson,suzannehuff@example.net,+18136968164,East,FL,B2C,09/28/2025,Active,YES,26
CUST-340,Dennis Williams,fryraymond@example.com,231-731-0967,Central,MI,B2C,07/03/2020,Active,YES,40
CUST-898,Jessica Reed,trowe@example.org,(684) 399-1062,South,GA,B2C,02/25/2024,Inactive,False,69
CUST-565,Lisa Benson,justin84@example.com,+19255877749,West,WA,Guest,2023-07-04,Active,1,50
CUST-346,Carol Martinez,jessica10@example.com,+16888992107,East,NY,B2B,02/07/2025,Active,1,66
CUST-777,Frank Stewart,joseph51@example.net,3206021288,West,TN,B2C,31-Dec-2023,Active,YES,75
CUST-242,Jennifer Dunn,ztodd@example.net,(429) 034-9446,West,MA,B2C,2024-11-22,Active,1,61
CUST-014,Patricia Peterson,ryan70@example.net,9631165667,North,WA,B2C,09/18/2025,Active,1,27
CUST-316,Rodney Williams,bpayne@example.org,995-527-6365,East,MA,B2C,2025-05-06,Active,1,69
CUST-601,Laura Davis,zroberts@example.org,464-488-6946,North,TX,B2C,2026-03-26,Inactive,False,57
CUST-388,Trevor Jones,pamelamartin@example.org,(417) 174-7733,South,MA,Guest,2022-03-05,Active,True,60
CUST-274,Robin Adams,zmiller@example.com,838-406-6658,North,CA,B2C,22-Jul-2021,Active,YES,53
CUST-167,Trevor Peterson,ilee@example.org,+13142626551,North,CA,Guest,07/06/2020,Active,YES,54
CUST-841,Rachael Roberts,breyes@example.org,640-630-6244,West,MI,B2C,19-Jul-2021,Active,True,48
CUST-021,Benjamin Welch,carlosjohnson@example.com,+17135427849,Central,CA,B2C,10/14/2021,Active,1,38
CUST-647,Robert Mclaughlin,laurenduarte@example.com,2414545635,North,NY,B2B,11-Feb-2021,Active,1,63
CUST-819,Alexis Robles,steven86@example.com,(325) 902-0357,North,TN,B2C,11/01/2021,Active,True,55
CUST-485,Susan Russell,bmccoy@example.com,8124815698,East,GA,B2C,2020-10-29,Inactive,NO,32
CUST-278,BENJAMIN FROST,,,West,,,04/05/2023,Churned,False,28
CUST-505,Carrie Valdez,briana18@example.com,(386) 617-9454,Central,TX,B2C,26-Dec-2021,Active,True,60
CUST-832,Kaitlin Gutierrez,jennifer12@example.net,(826) 244-6704,West,NY,B2B,2025-05-06,Inactive,NO,57
CUST-244,Amy Kelley,ashleyhernandez@example.com,+17444328309,West,WA,B2C,15-Nov-2020,Active,YES,23
C567,Alec Williams,lopezcurtis@example.com,(347) 853-9078,Central,PA,B2C,02/22/2024,Active,1,44
CUST-876,Ronald Myers,alan66@example.com,(787) 495-1191,Central,CO,B2B,10-Nov-2021,Active,True,31
CUST-563,Rebecca Kelley,robertcastro@example.com,855-963-0993,Central,IL,B2C,03/12/2025,Active,True,73
CUST-243,MELANIE LARSON,foxallison@example.com,8910858994,East,WA,B2B,2025-05-11,Active,True,44
CUST-687,Rebecca Edwards,bergeramanda@example.org,(814) 768-3420,North,TN,Guest,2020-11-15,Active,1,49
CUST-958,Nicholas Cisneros,lindsay63@example.com,(259) 129-7519,North,CA,B2C,02/24/2024,Active,YES,64
CUST-190,Jeremy West,christina64@example.net,+19590175186,South,OH,B2C,2024-09-17,Active,True,32
CUST-783,Nicole Williams,johnsondonna@example.net,288-307-0534,Central,OH,B2C,11/14/2020,Active,True,60
CUST-976,Matthew Hays,michelleperez@example.net,210-587-5256,Central,CA,B2C,2024-12-14,Active,1,64
CUST-700,Adam Jones,gdavis@example.net,2412091179,North,TX,B2B,2022-04-14,Active,True,71
CUST-476,Lisa Stanley,jtyler@example.com,(497) 374-8969,North,NC,B2B,16-Sep-2020,Active,True,38
CUST-682,Shannon English,dhanson@example.net,4758955168,West,IL,Guest,24-Mar-2021,Churned,NO,73
CUST-511,Sherry Luna,stacey37@example.net,9998407678,Central,AZ,B2C,2026-03-22,Inactive,0,999
CUST-059,Steven Miller,jessebenson@example.net,2385977034,Central,NY,Guest,2021-10-24,Active,True,60
CUST-475,Abigail Owens,billmcfarland@example.net,+16685366498,West,WA,B2C,15-May-2021,Active,YES,39
CUST-561,David Torres,millskatherine@example.org,458-323-0241,North,MA,B2C,2023-01-21,Active,True,65
CUST-857,Karen Fuller,brooke05@example.org,664-303-9429,North,IL,B2C,02-Mar-2023,Active,1,32
CUST-748,Todd Carpenter,karenhodges@example.com,534-774-3326,Central,CO,B2C,31-Jan-2021,Active,YES,49
CUST-253,Ashley Pacheco,bmendez@example.org,5323098215,North,OH,Guest,01/11/2026,Active,1,64
CUST-022,Michael Lewis,jenniferkhan@example.net,(611) 824-4935,South,WA,B2C,10/30/2020,Active,True,55
CUST-460,Joanna Barrett,tamarasmith@example.net,561-517-1827,East,AZ,B2C,09-Dec-2023,Inactive,0,29
CUST-277,Stephanie Ellison,jasonparrish@example.net,(679) 851-5832,Central,TX,B2C,09-Apr-2026,Active,1,22
CUST-956,Julie Schwartz,christina65@example.org,7254837441,West,TN,B2C,2023-04-05,Inactive,False,65
CUST-386,Amber Kim,acosta@example.com,+15214958702,North,GA,Guest,16-Feb-2025,Active,True,40
CUST-806,Hunter Bell,johnwong@example.net,(951) 097-9215,Central,TN,B2B,27-Dec-2020,Active,1,48
CUST-344,Audrey Salazar,parkerjudith@example.net,7855665939,Central,FL,B2C,2021-11-14,Active,1,42
CUST-770,Donna Henry,mary47@example.net,795-616-4205,Central,CO,B2C,08/07/2021,Churned,0,43
CUST-131,Ashley Delacruz,alexistyler@example.org,(716) 940-9749,Central,FL,B2C,2023-08-25,Active,1,43
CUST-872,Megan Ballard,martinezalexander@example.org,8734996010,East,IL,B2C,07/19/2024,Active,1,26
CUST-088,David Mann,ojones@example.com,(347) 679-7643,Central,TX,B2C,20-Dec-2023,Active,1,39
CUST-331,Alexandra Dominguez,mcneilrobert@example.org,847-570-5120,East,CO,B2C,2021-10-05,Active,True,28
CUST-467,Stephanie Ferguson,hstokes@example.org,(956) 770-0284,South,GA,B2C,2024-08-31,Active,YES,56
CUST-122,Mark Watson,thomasharvey@example.net,+12010943969,North,GA,Guest,23-Dec-2021,Active,True,39
C861,Brittany Evans,tfitzgerald@example.net,(998) 334-2337,South,CA,Guest,04/15/2024,Active,YES,31
